"rowid","paper_id","sentence","stat_text","model_misinterpreted","model_category"
151,"0956797614531799","The martingale residuals did not show a pattern of marked difference between the observed residuals and the residuals obtained in the simulations, as indicated by the nonsignificance of the Kolmogorov-Smirnov test (p = .70). Likewise, all correlations between the Schoenfeld residuals and age at death were nonsignificant.","p = .70",FALSE,NA
152,"0956797613518350","Downturn in GDP and worsening of the unemployment rate correlated positively (r = .21, p = .37).","p = .37",FALSE,NA
153,"0956797614533968","The interaction between child gender and fathers' explicit gender-role beliefs decreased in magnitude and became nonsignificant, β interaction = 0.12, p = .33, which suggests that fathers' implicit associations and behaviors directly predicted daughters' preferences, over and above their explicitly -5 0 5 10 15 20 25 30 35 Low High Children's Explicit Self-Stereotyping Fathers' Explicit Gender-Role Beliefs Boys Girls Fig 2.","p = .33",TRUE,"nonsig_population"
154,"0956797614528956","Critically, there was no interaction for either the orientation task, F(1, 34) = 0.01, p = .91, or the frequency task, F(1, 34) = 0.08, p = .78. Bayesian analyses (Masson, 2011) indicated positive evidence for the absence of an interaction (null hypothesis, H0) in both tasks-orientation: p(H0) = .85; frequency: p(H0) = .85.","p = .91; p = .78",TRUE,"nonsig_sample"
155,"0956797613519448","Asterisks indicate significant coefficients (*p < .06, **p < .01).","p < .06; p < .01",FALSE,NA
156,"0956797613518349","In contrast, continuing-generation students in the difference-education condition did not differ from continuing-generation students in the standard condition, F(1, 67) = 0.19, p = .66, nor from continuing-generation students in the campus-wide control group, F(1, 1726) = 2.69, p = .10. Notably, the intervention's GPA effects could not be explained by differences in students' course selection (the Supplemental Material provides supporting analyses).","p = .66; p = .10",TRUE,"nonsig_sample"
157,"0956797614535937","There was no association between SWS duration and generalization ability (r = .011, p = .965), and post hoc analyses suggested that no other stage was associated with this effect.","p = .965",TRUE,"nonsig_sample"
158,"0956797614531602","Furthermore, there was no significant difference in recall performance between the no-think condition and the baseline condition, t(29) = 1.41, p > .05, d = 0.06 (see Fig. 1). Given that these null findings are pivotal to the interpretation of these data, we conducted a post hoc power analysis (again using G*Power Version 3.1.7) to eliminate the possibility that the null effects reported here were not a function of inadequate statistical power.","p > .05",FALSE,NA
159,"0956797614527113","Among Black participants, those who were asked about the majority-minority shift identified themselves as somewhat more liberal than did those who were in the control condition, b = -0.415, p = .082; no effect was observed for Latino participants (p > .355). 3.","p = .082; p > .355",TRUE,"nonsig_sample"
160,"0956797614534694","However, there was a trend for an interaction between the factors, F(1, 99) = 3.02, p = .09. In the morning-encoding condition, MCR rates were marginally higher after sleep deprivation than after sleep, but no differences emerged in the eveningencoding condition.","p = .09",FALSE,NA
161,"0956797614526063","Although the interaction between compatibility and instruction was not statistically significant, F = 1.0, p = .3, error rates were significantly greater for incompatible than for compatible trials in the remember condition, F(1, 38) = 4.75, p < . 05, ηp² = .11, but not in the forget condition, F < 1, p > .4. Experiment 1 provides the first evidence that newly learned and practiced SR rules can be subject to directed forgetting.","p = .3; p > .4",FALSE,NA
162,"0956797614530570","Asterisks indicate statistically significant paths ( † p < .10, **p < .01).","p < .10; p < .01",FALSE,NA
163,"0956797613518351","Releveling the model with the action condition as the baseline revealed no difference between the action and abstract-gesture conditions (β = 0.22, z = 0.41, p = .68), but a marginal difference between the action and concrete-gesture conditions (β = 0.92, z = 1.68, p = .09).","p = .68; p = .09",TRUE,"nonsig_sample"
164,"0956797613513473","The comparison groups did not differ on pubertal timing, t(1033) = 0.87, p = .39; r = .03, likelihood of sexual debut, χ 2 (1, N = 807) = 0.00, p = .98; OR = 1.00, age at sexual debut, t(564) = 1.27, p = .20; r = .05, or use of birth control, χ 2 (1, N = 560) = 0.50, p = .48; OR =1.16.","p = .39; p = .98; p = .20; p = .48",TRUE,"nonsig_sample"
165,"0956797614535810","Furthermore, (games: 26%, music: 21%, sports: 19%, and education: 4%, all ps < .001; professions: < 1%, p = .62).","p = .62",FALSE,NA
166,"0956797613516634","The same was true for the similarity effect: Mean A′ for the actual baboons (.5180) was not significantly different from that for the simulated baboons (.5286), t(5) = 0.1220, p =.9076.","p =.9076",FALSE,NA
167,"0956797614537833","A subsequent test of the Implicit Self-Evaluation × Sex interaction revealed that this association did not differ across men and women, b = 0.02, SE = 0.27, 95% confidence interval (CI) = [-0.52, 0.56], t(44) = 0.09, p = .930, effect-size r = .01, and remained significant (and was even stronger) when we controlled for (a) sex, (b) implicit self-evaluation score at the 3-year follow-up, (c) explicit self-esteem at baseline and at the 3-year follow-up, (d) orientation-block reaction times at baseline and at the 3-year follow-up, (e) explicit interpersonal evaluations at baseline and at the 3-year follow-up, (f) implicit evaluations of attractive opposite-sex strangers at baseline and at the 3-year follow-up, (g) attachment anxiety and avoidance at baseline, (h) each of the Big Five factors at baseline, and (i) depressive symptoms at baseline, b = 0.30, SE = 0.10, 95% CI = [0.10, 0.50], t(24) = 3.00, p = .006, effect-size r =.52.","p = .930; p = .006; 95% confidence interval; [-0.52, 0.56]; 95% CI; [0.10, 0.50]",TRUE,"nonsig_sample"
168,"0956797613513810","Instead, the marginal effect appears to have been driven by higher σ at Lag 1 than at Lag 2, t(27) = 1.87, p = .07, perhaps because the high contrast of T1 affected precision of encoding T2. A follow-up experiment ruled out the possibility that T2 perception was too impoverished for effects on σ to be observed, as the same pattern of results was obtained when P e was above 80% at short lags (see Supplementary Experiment 2 in the Supplemental Material).","p = .07",FALSE,NA
169,"0956797613518352","Behavioral avoidance differed descriptively but not significantly between infants of mothers in the positive-evaluation condition and infants of mothers in the negative-evaluation condition (p = .47). (Recall that a small percentage of behavioral-avoidance data were missing.","p = .47",FALSE,NA
170,"0956797614531024","For justifications, we found no main effects of retrieval type, F(1, 70) = 0.73, p = .39, ηp² = .01, or condition, F(1, 70) = 0.07, p < .79, ηp² = .00, but we did find a significant interaction, F(1, 70) = 4.34, p < .04, ηp² = .06. Socially shared retrieval-induced forgetting emerged in the Afghan condition, t(35) = 2.08, p < .05, d = 0.36, with Rpjustification items less likely to be remembered than Nrp justification items.","p = .39; p < .79; p < .04",TRUE,"nonsig_sample"
171,"0956797614527113","Conservative-policy endorsement did not differ between the control and assuaged-threat conditions, F(1, 161) < 1, p = .969. We next analyzed policy endorsement in a 2 (political issue: race related, race neutral) × 3 (condition: status threat, assuaged threat, control) mixed-design ANCOVA.","p = .969",TRUE,"nonsig_sample"
172,"0956797614531148","The analysis revealed that comprehension was not significantly different between cases in which subjects made a regression (M = 84% averaged across both sentence types) or did not make a regression (M = 78%; p > .98) during normal reading. This suggests that when readers make a regression, they do so to improve failed comprehension and that regression improves their understanding to be equivalent to its level in cases in which they do not need to reread.","p > .98",TRUE,"nonsig_population"
173,"0956797614535811","The estimated heritability was 26.1% (95% CI = [0.4%, 48.4%]), goodness of fit of the AE model: χ 2 (4) = 1.35, p = .85, AIC = -6.65. These results demonstrate that not only the predominance of perceptual state, but also the broader process of visual disambiguation during the initial stage of bistable biological-motion perception is under genetic influence.","p = .85; 95% CI",FALSE,NA
174,"0956797614534450","However, the negative effect of reliance on the binding foundations on condemnation of torture was attenuated among people with high moral-identity scores (i.e., 1 SD above the mean), b = -0.03, t(340) = -0.66, p = .51. These results support our prediction that having a strong moral identity can mitigate the effect of the binding foundations, which otherwise might allow people to justify the use of torture for the sake of protecting their in-group.","p = .51",TRUE,"nonsig_population"
175,"0956797614527113","Self-reported ideology did not reliably differ by condition, p > .250.1","p > .250",FALSE,NA
176,"0956797614534450","In this model, the Moral Identity × Binding Foundations interaction term was marginally significant, b = 0.08, p = .059, f² = .01. The simple-slopes analysis (Aiken & West, 1991), depicted in Figure 2, again revealed that among people with low moral-identity scores (i.e., 1 SD below the mean), high binding-foundations scores (i.e., 1 SD above the mean) were associated with less condemnation of torture compared with low binding-foundations scores (i.e., 1 SD below the mean), b = -0.54, t(339) = -7.23, p < .001.","p = .059",FALSE,NA
177,"0956797614522816","For the sake of completeness, there was no main effect of judgment, F(1, 22) = 2.163, p = .156, ηp² = .090, though there was an effect of stimuli type, F(3, 66) = 4.342, p = .007, ηp² = .165 (Ms = 3.88°, 3.47°, 3.87°, and 3.52° for classrooms, pools, restaurants, and roads, respectively) as well as of ordinal fixation, F(2.286, 50.288) = 42.240, p < .001, ηp² = .658 (Ms = 2.55°, 3.28°, 3.86°, 4.26°, and 4.48° from the center for Fixations 1 through 5, respectively). There was no interaction between stimuli type and ordinal count (F < 1), no interaction between judgment and stimuli type, F(3, 66) = 2.012, p = .121, ηp² = .084, and no three-way interaction (F < 1).","p = .156; p = .007; p < .001",TRUE,"nonsig_sample"
178,"0956797614540467","First, relative systolic blood pressure decreased 3.1 points (p < .1) more for contributors, a difference of 2.5% from a mean of 124, which reduces their risk of heart disease or stroke (National Institutes of Health, 1997). Second, safety behaviors improved more for contributors, including a 7% improvement in seat-belt use, reduced smoking, and reduced usage of sleep and relaxation medications, although these were not quite significant at the .10 level.","p < .1",FALSE,NA
179,"0956797614524581","There was no significant difference in performance on factual questions across lectures, F(4, 4) = 1.57, p =.33.","p =.33",FALSE,NA
180,"0956797613519110","In accordance with our hypothesis, the quadratic contrasts for intensity and unpleasantness ratings were significant only in the experimental group (see the previous paragraph), and not in the control group-intensity: F(1, 28) = 0.017, p = .898; unpleasantness: F(1, 28) = 0.676, p =.418.","p = .898; p =.418",FALSE,NA
181,"0956797614536402","Unlike in the reaching phase, there was no interactive effect of condition and object on viewing time during the grasping phase, F(1, 19) = 1.17, p = .29, η² = .058. The main effect of condition was also not significant, F(1, 19) = 1.09, p = .30, η² = .055.","p = .29",TRUE,"nonsig_sample"
182,"0956797614535811","However, in contrast to the facing-direction bias, the intraclass correlation for the motion-direction bias was not evident either within MZ pairs (r MZ = -.04, 95% CI = [-.44, .38], p = .56) or within DZ pairs (r DZ = .12, 95% CI = [-.30, .51], p = .28; Fig. 2b), which suggests that the motion bias was not heritable (heritability = 0%, 95% CI = [0%, 0%]), goodness of fit of the E model: χ 2 (5) = 3.82, p = .58, AIC = -6.18.","p = .56; p = .28; p = .58; 95% CI",TRUE,"nonsig_population"
183,"0956797614534268","Fifty-eight participants completed this survey (95% response rate), and there was no significant difference in response rate between the two conditions, χ 2 (1, N = 58) = 0.28, p =.60.","p =.60",FALSE,NA
184,"0956797614524581","Scores for laptop-intervention participants (z-score M = -0.11, SD = 1.02) did not significantly differ from those for either laptop-nonintervention (p = .91) or longhand (p = .29) participants. The pattern of data for factual questions was similar, though the differences were not significant (longhand: z-score M = 0.025, SD = 0.97; laptop intervention: z-score M = 0.063, SD = 1.05; laptop nonintervention: z-score M = -0.089, SD = 0.99), F(1, 4.54) = 4.08, p = .11 (see Fig. 4).","p = .91; p = .29",FALSE,NA
185,"0956797613516981","The opposite pattern emerged for people of average weight; the disease message predicted nonsignificant increases in health-focused dieting (b = 0.25, β = 0.14, p = .18) and concern for weight (b = 0.15, β = 0.10, p = .31). BMI significantly predicted health-focused dieting (b = 0.06, β = 0.22, p = .029) and concern for weight (b = 0.09, β = 0.40, p < .001) in the control condition, whereas these relationships were nonexistent in the disease condition (health-focused dieting: b = -0.012, β = -0.04, p = .71; concern for weight: b = -0.002, β = -0.01, p = .90).","p = .18; p = .31",TRUE,"nonsig_sample"
186,"0956797614531148","The main effect of sentence type was not significant (p > .17); subjects were equally likely to make regressions from the disambiguating verb when reading the ambiguous and the unambiguous sentences. There was a significant effect of display condition (b = -3.27, z = 7.33, p < .001); regressions were less likely in the trailing-mask condition than in the normal-reading condition, a pattern paralleling the finding for regressions into the subject noun.","p > .17",TRUE,"nonsig_sample"
187,"0956797613516981","For individuals of average weight, there was no significant difference in body dissatisfaction (b = 0.10, β = 0.08, p = .203). The relationship between BMI and body dissatisfaction was significant in both conditions, but it was significantly less strong in the disease condition (b = 0.09, β = 0.52, p < .001) than in the control condition (b = 0.14, β = 0.78, p < .001).","p = .203",FALSE,NA
188,"0956797613520236","69.2% high fertility), χ 2 (1, N = 182) = 0.02, p = .89; d = 0.02; in fact, the trend, if any, was in the opposite direction from that predicted by Durante et al. There was, however, an effect for single women's voting for Obama (74.6% low fertility vs.","p = .89",FALSE,"nonsig_population"
189,"0956797614531024","That is, we found no differences between the two groups in the degree of socially shared retrieval-induced forgetting, either for the American condition (early Rp+: M = -.03, SD = .23; early Rp-: M = -.08, SD = .20), t(30) = 0.61, p = .55, d = 0.25, or the Afghan condition (early Rp+: M = .10, SD = .21; early Rp-: M = .05, SD = .23), t(30) = 0.78, p = .44, d = 0.23. Finally, even though the primary purpose of the NAGS was to prime national identity, we also investigated whether the attachment and glorification subscales correlated with the magnitude of retrieval-induced forgetting.","p = .55; p = .44",TRUE,"nonsig_sample"
190,"0956797614535938","When participants had been asked to focus on the broader categorization, however, specific genus classification was marginally better in the high-value condition (M = .30, SD = .19) than in the low-value condition (M = .24, SD = .14), t(82) = 1.91, p = .06, g = .41. There was no significant main effect of intrinsic value, F <1.","p = .06",FALSE,NA
191,"0956797614532657","The same was true of the difference between the Pearson product-moment correlations for Experiment 6 (r = .85) and Experiment 1 (r = .75), its analogous walking experiment (p > .5, Fischer's z, two-tailed). Hence, Experiment 6 replicated Experiment 1.","p > .5",TRUE,"nonsig_population"
192,"0956797614532657","In Experiment 4, the Pearson product-moment correlation (r) between p(R) and AL/(AL + AR) was .04 (p > .2, Fischer's z, two-tailed). This value was significantly different from the r value in each of the first three experiments (ps < .02, Fischer's z, two-tailed).","p > .2",FALSE,NA
193,"0956797614527113","As shown in Figure 1, among respondents in the West Census region, respondents' odds of leaning toward the Republican Party were 3 times as large in the racialshift condition as in the control condition, b = 1.17, p = .063, OR = 3.22. Self-reported ideology did not reliably differ by condition, p > .250.1 These results are consistent with the hypothesis that salience of the majority-minority racial shift leads White Americans 2 to endorse conservative political ideology.","p = .063",FALSE,NA
194,"0956797614522068","However, we did not find evidence for mixing errors in this context, t(11) = 0.38, p =.713.","p =.713",FALSE,NA
195,"0956797613511257","There was no main effect of target color, F(3, 51) = 1.46, p >.1.","p >.1",TRUE,"nonsig_sample"
196,"0956797614538978","Relative skill status was a marginally significant moderator of this relation (coefficient = -0.005, p = .057), which suggests that peer effects may be more important for children of lower relative skill status. Figure 1 graphically represents how the interplay between peer skills and a student's relative skill status predicted language gains.","p = .057",FALSE,NA
197,"0956797613518352","Negative evaluation was associated with greater SNS activation than was positive evaluation, t(62) = 1.80, p = .08. (See the Supplemental Material for information on the covariate body mass index.)","p = .08",FALSE,NA
198,"0956797613516634","Mean A′ for the TL effect for the actual baboons (.6639) was not significantly different from that for the simulated baboons (.6430), t(5) = 0.2638, p = .8025. The same was true for the similarity effect: Mean A′ for the actual baboons (.5180) was not significantly different from that for the simulated baboons (.5286), t(5) = 0.1220, p =.9076.","p = .8025",FALSE,NA
199,"0956797613518352","The HR reactivity of infants of mothers assigned to the positive-evaluation condition (ΔHR = 1.95, SD = 10.94) fell in between the HR reactivity of infants of mothers in the negative-evaluation condition, t(58) = -1.26, p = .21, and control condition, t(58) = -1.97, p = .05. (Analyses examining the influences of infants' sex and alternate caregivers' identity on infants' outcomes are in the Supplemental Material.)","p = .21; p = .05",FALSE,NA
200,"0956797613520015","We entered the variables that were related to CAC (p < .10; i.e., smoking status, triglycerides, and very-low-density lipoproteins) and found that they did not alter the Actor × Partner links to CAC (p = .03). We also evaluated whether our results were independent of continuous measures of actor-partner relationship helpfulness and upsettingness ratings.","p < .10; p = .03",FALSE,NA
201,"0956797614540178","However, a univariate ANOVA with only unreliably cued trials showed no effect of box, F(3, 69) = 0.32, p = .817, which indicates that infants did not look longer at the cued box, nor at any other single box. Finally, a planned comparison across reliably and unreliably cued test trials confirmed that infants looked more to the cued box when it was cued by a reliable arrow than when it was cued by an unreliable arrow, t(23) = 4.86, p < .001, d =0.99.","p = .817",TRUE,"nonsig_sample"
202,"0956797613516802","However, when we investigated whether out-group hate was the underlying motive for this behavior by also considering egalitarian allocations (i.e., we aggregated resources allocated to the in-group member and to the neutral box and compared this sum with the allocations to the out-group member), mere out-group hate did not appear to be a significant behavioral motivation in this age group, Wilcoxon test, T + = 477.50, p = .957, r = .01. The 8-year-olds (n = 35) allocated 4% of the items to the in-group member, 71% to the out-group member, and 25% to the box, which indicated a significant preference for the in-group relative to the out-group, Wilcoxon test, T + = 630.00, p < .001, r = .87.","p = .957",FALSE,NA
203,"0956797613514092","However, for respondents whose income was 1 standard deviation above the mean, inflation had no effect on moral judgments, b = 0.00024, SE = 0.00028, z = 0.855, p = .392. These results provide support for our theory.","p = .392",TRUE,"nonsig_sample"
204,"0956797614527113","Participants in the control and assuaged-threat conditions did not differ, F(1, 160) < 1, p =.511.","p =.511",TRUE,"nonsig_sample"
205,"0956797614534694","There was not a significant interaction between the factors, F(1, 99) = 0.55, p =.46.","p =.46",FALSE,NA
206,"0956797613518349","This was true for both first-generation students (standard condition: M = 3.16, campus-wide control condition: M = 3.21), F(1, 110) = 0.77, p = .38, and continuing-generation students (standard condition: M = 3.46, campus-wide control condition: M = 3.39), F(1, 1728) = 1.00, p =.32.","p = .38; p =.32",FALSE,NA
207,"0956797614551970","First, when the direct path between the implicit intervention and the physical-function outcome was added to the conceptual model, this path was nonsignificant (β = 0.12, p = .21). Second, the three paths of the conceptual model remained significant when this direct path was added.","p = .21",NA,NA
208,"0956797614531148","The interaction was only marginally significant (b = 0.70, z = 1.90, p = .06), which suggests that restricting the opportunity to reread words with the trailing-mask paradigm decreased comprehension globally, and not exclusively for ambiguous (i.e., garden-path) sentences (see The Effects of Rereading on Comprehension Accuracy).","p = .06",TRUE,"nonsig_population"
209,"0956797614531024","No socially shared retrieval-induced forgetting was found in the American condition, t(35) = 0.86, p = .39, d = 0.13. Indeed, the difference was in the opposite direction.","p = .39",FALSE,NA
210,"0956797614547919","Although consistent with the predicted pattern, the interaction was not significant, p = .16. Price and Wolfers wrote that ""the conclusion of Roskes et al. is highly sensitive to the assumption about which situations are likely to yield approach motivation"" (p. 2111).","p = .16",NA,NA
211,"0956797614534694","We found no main effect of sleep condition, F(1, 99) = 0.54, p = .46, or encoding time, F(1, 99) = 3.12, p = .08. However, there was a significant interaction between the factors, F(1, 99) = 4.52, p = .04.","p = .46; p = .08",TRUE,"nonsig_sample"
212,"0956797614523297","Consensus of 3-to 4-year-olds (68%) was identical to that of 5-to 6-year-olds (66%; p = 1.00, d = 0.07) but lower than that of 7-to 0% 25% 50% 75% 100% 3-to 4-Year-Olds (n = 37) 5-to 6-Year-Olds (n = 50) 7-to 10-Year-Olds (n = 54) Adults (n = 99) Percentage of Expected Responses (Dominant = ""Strong"") Age Group Fig 3. Results from Experiment 1: average rate at which dominant faces were identified as strong and submissive faces were identified as not strong in each of the four age groups.","p = 1.00",TRUE,"nonsig_sample"
213,"0956797614534694","Similarly, there was no association between morning positive affect and MCR rate, r(91) = .03, p = .80, or false memory rate, r(91) = -.04, p = .74 (see the Supplemental Material for group means and statistics).","p = .80; p = .74 ",TRUE,"nonsig_sample"
214,"0956797613508790","1 The model fit the data well, χ 2 (4) = 5.93, p = .20, root-mean-square error of approximation (RMSEA) = .03, comparative fit index (CFI) = .99, and standardized root-mean-square residual (SRMSR) =.02.","p = .20",FALSE,NA
215,"0956797613505776","For imagined items, there was no significant difference between the proportion of correct ""imagined"" responses (M = 0.28) and incorrect ""heard"" responses (M = 0.26; p = .60). 2 This pattern is remarkably similar to the pattern seen in Johnson et al. (1988, Experiment 2), in which old/new recognition was much better (hits ~75% did not differ across the heard and imagined conditions), which indicates that reality-monitoring difficulty does not depend on low levels of recognition.","p = .60",TRUE,"nonsig_sample"
216,"0956797613514451","We found no pupil-size differences between expressions, F(2, 20) = 0.13, p > .8, which indicates a lack of autonomic feedback and suggests that the effect of expression was primarily optical rather than a secondary effect of emotional embodiment (e.g., Niedenthal, 2007). Because of occlusion, some gaze initializations for disgust-expression runs were performed while the participants posed neutral expressions; however, pupil size did not differ between fear and neutral expressions, F(1, 10) = 1.0, p > .7.","p > .8",TRUE,"nonsig_sample"
217,"0956797613520236","Counter to their hypothesis, preference for Obama was identical among highfertility (77.6%) and low-fertility (77.4%) single women in our sample, χ 2 (1, N = 138) = 0.001, p = .98, d = 0.01. Among paired women (i.e., those in committed relationships), there was a significant effect (77.4% of low-fertility and 58.5% of high-fertility women preferred Obama), χ 2 (1, N = 221) = 9.11, p = .003, d =0.41.","p = .98",TRUE,"nonsig_sample"
218,"0956797614534694","This difference was not statistically significant, t(191) = 1.35, p = .18 (Fig. 2).","p = .18 ",FALSE,NA
219,"0956797613513810","Unlike P e, σ for T2 was barely affected by lag, F(3, 81) = 2.27, p = .09 (Fig. 2c). That marginal effect cannot account for the AB, however, as σ was no greater at Lag 2 than at Lag 8, t(27) = 0.34, p = .73.","p = .09 ",TRUE,"nonsig_sample"
220,"0956797614532657","The Pearson product-moment correlation (r) between p(R) and AL/(AL + AR) was -.25 (p > .4) in Experiment 5 and .85 (p < .001) in Experiment 6. The difference between the Pearson product-moment correlations for Experiment 5 (r = -.25) and Experiment 4 (r = .04), its analogous walking experiment, was not significant (ps > .4).","p > .4; p < .001",FALSE,NA
221,"0956797614524581","The pattern of data for factual questions was similar, though the differences were not significant (longhand: z-score M = 0.025, SD = 0.97; laptop intervention: z-score M = 0.063, SD = 1.05; laptop nonintervention: z-score M = -0.089, SD = 0.99), F(1, 4.54) = 4.08, p = .11 (see Fig. 4). 8 There was a significant difference in conceptual performance across lectures, F(4, 4) = 19.87, p = .007, ηp² = .95, but the interaction was not significant, F(4, 89) = 0.138, p = .97.","p = .11 ",FALSE,"nonsig_sample"
222,"0956797613513810","That marginal effect cannot account for the AB, however, as σ was no greater at Lag 2 than at Lag 8, t(27) = 0.34, p = .73. Instead, the marginal effect appears to have been driven by higher σ at Lag 1 than at Lag 2, t(27) = 1.87, p = .07, perhaps because the high contrast of T1 affected precision of encoding T2.","p = .73",TRUE,"nonsig_sample"
223,"0956797614529978","An empirical examination of the first utterance with altered auditory feedback revealed no difference between the two groups in F1 frequency relative to baseline (p > .5). This value was 0.98 (SD = 0.06) in the case of the head-shift group and 0.99 (SD = 0.09) in the case of the had-shift group.","p > .5",TRUE,"nonsig_sample"
224,"0956797613515485","There was no main effect of symbolic-number mappings on WTD judgments, p > .10. Therefore, participants with more exact mappings did not appear simply to value money more than did those with less exact mappings.","p > .10",TRUE,"nonsig_sample"
225,"0956797614539165","However, no interaction emerged when feature informativeness was low, χ 2 (1, N = 359) = 0.03, p = .87. Actual knowledge was not a significant predictor of choice, χ 2 (1, N = 719) = 1.57, p = .21.","p = .87",FALSE,NA
226,"0956797614551162","Participants reported feeling more absorbed in the experience of eating the chocolate in the shared-experience condition (M = 6.11, SD = 2.27) than in the unshared-experience condition (M = 5.39, SD = 2.43), p = .14. Participants also felt like they were more ""on the same wavelength"" with the confederate during the shared-experience condition (M = 6.43, SD = 1.38) compared with the unshared-experience condition (M = 5.61, SD = 1.38), t(21) = 2.35, p = .03, 95% CI for the difference between conditions = [0.10, 1.54], Cohen's d = 0.59 (see Fig. 2).","p = .14",NA,NA
227,"0956797613516009","Specifically, there was no difference in their odds of exhibiting a higher level of natural-selection understanding between the comprehension tests on Days 1 and 2, p = .14, or between the comprehension test on Day 2 and the generalization test on Day 2, p = .22. Like younger children, the older children therefore showed learning that was not only robust and generalizable but also enduring.","p = .14; p = .22",TRUE,"nonsig_sample"
228,"0956797614533968","Examined differently, when mothers explicitly self-stereotyped as more family oriented (1 SD above the mean), girls tended to self-stereotype more than boys did (β = 0.18, p = .081). But when mothers were low in self-stereotyping (1 SD below the mean), this gender difference was not significant (β = -0.10, p = .30).","p = .081",FALSE,NA
229,"0956797614529978","As in Experiment 1, there was no difference in the amount of shift between the two perceptual-training groups, t(18) = 0.24, p >.80.","p >.80",TRUE,"nonsig_sample"
230,"0956797614531439","There was a marginally significant main effect of caregiving, whereby caregiving salience (regardless of threat condition) resulted in higher levels of out-group bias (M = 0.435, SD = 0.678) compared with no caregiving salience (M = 0.382, SD = 0.472), F(1, 434) = 3.156, p = .076. Furthermore, there was a marginally significant main effect of parenthood, whereby parents had higher levels of out-group bias (M = 0.472, SD = 0.579) compared with nonparents (M = 0.378, SD = 0.591), F(1, 434) = 3.020, p = .083.","p = .076",FALSE,NA
231,"0956797614531799","Two items were marginal predictors of mortality: ""Some people wander aimlessly through life, but I am not one of them,"" HR = 0.95, 95% CI = [0.90, 1.01], p < .09, and ""I live life one day at a time and don't really think about the future,"" HR = 0.96, 95% CI = [0.92, 1.00], p < .09. The third was a significant predictor: ""I sometimes feel as if I've done all there is to do in life,"" HR = 0.95, 95% CI = [0.91, 1.00], p < .05.","p < .09; 95% CI; [0.90, 1.01]; [0.92, 1.00]",FALSE,NA
232,"0956797614526260","More important, the genetic correlation between procrastination and impulsivity was estimated at 1.0 (95% CI = [.86, 1.0]), χ 2 (106) = 111.96, p = .327, RMSEA = .018, which suggests that overlapping genetic influences accounted for all of the genetic influences on both traits (i.e., there 1 for more information about the measures. MZ = monozygotic, DZ = dizygotic. a The UPPS-P, which was administered as part of a separate study, was shortened for time reasons to 22 items by eliminating some redundant items.","p = .327; 95% CI",FALSE,NA
233,"0956797614532474","Participants in Experiment 3b were more likely to vote for individuals whose photos were deliberately selected (M = 5.10, SD = 1.34) than for individuals whose photos were randomly selected (M = 4.76, SD = 1.48), t(21) = 2.01, p < .057, although the difference was only marginally significant. This effect of selection was also marginally significant at the level of the target individuals, t(19) = 1.98, p < .063.","p < .057",FALSE,NA
234,"0956797613516146","Figure 3a shows that-as intended-d′ for fragile memory and working memory did not significantly differ, t(23) = -0.9, p = .380, but d′ for iconic memory was slightly higher, especially compared with fragile memory, t(23) = 3.4, p = .002; there was also a main effect of memory conditions, F(2, 46) = 4.4, p = .018. Exploring the performance level for each condition showed that a few subjects kept on improving their score for iconic memory throughout the experiment.","p = .380; p = .002; p = .018",FALSE,NA
235,"0956797614535810","Furthermore, (games: 24%, music: 23%, sports: 16%, and education: 5%, all ps < .001; professions: 1%, p = .377).","p = .377",FALSE,NA
236,"0956797614530571","Participants felt that the traveler was more similar to them when the traveler was spatially oriented toward them (M = 2.41, SD = 1.59) than when the traveler was oriented away from them (M = 1.61, SD = 1.03), F(1, 43) = 4.03, p = .051, ηp² = .09. In addition to extending our scope to the final dimension of distance, this study further suggests that the effect of spatial orientation on feelings of closeness does not depend solely on the judge's orientation.","p = .051",FALSE,NA
237,"0956797614535938","Similarly, when participants had been told to focus on learning the broad categorization, those in the high-value condition classified the snakes correctly according to the broad categorization (M = .82, SD = .15, 95% CI = [.78, .87]) marginally more often than did those in the low-value condition (M = .75, SD = .17, 95% CI = [.70, .80]); averaged raw mean difference = .07, 95% CI = [-.002, .14], p =.058.","p =.058; 95% CI",FALSE,NA
238,"0956797614527113","Participants in the control and assuaged-threat conditions did not differ in reported political ideology, F(1, 180) < 1, p =.426.","p =.426",TRUE,"nonsig_sample"
239,"0956797614532474","This effect of selection was also marginally significant at the level of the target individuals, t(19) = 1.98, p < .063. The results of this experiment seem somewhat weaker than the results of Experiment 3a.","p < .063",FALSE,NA
240,"0956797614547916","It revealed no relations between priming and awareness (Experiment 1: adjusted R² = -.03, p = .48; Experiment 2: adjusted R² = -.04, p = .75; Experiment 3: adjusted R² = -.03, p = .48). Finally, to detect potential differences of reaction times in the primes task, we ran a 2 × 2 repeated measure ANOVA with relation and primes congruency as within-subjects factors.","p = .48; p = .75",NA,NA
241,"0956797614531602","Subsequent pairwise analyses revealed no significant differences in recall performance between forgiven and unforgiven scenarios in the think, t(29) = 1.79, p > .05, or baseline conditions, t(29) = 0.41, p > .05. Participants, however, recalled significantly fewer details when prompted to recall forgiven than unforgiven scenarios in the no-think condition, t(29) = 3.14, p <.03.","p > .05",FALSE,NA
242,"0956797614528521","However, there was no interaction between spatial variation and congruency, F(1, 38) = 0.03, p = .86, ηp² = .00, and thus no indication that looking-time congruency effects differed between tasks. The reduction in looking time on incongruent trials was comparable in the two tasks (i.e., 18% for the height-pitch task and 20% for the thickness-pitch task).","p = .86",TRUE,"nonsig_sample"
243,"0956797614525213","Neither the main effects of block, F(2, 62) = 0.18, p = .83, ηp² = .006, and phase, F(1, 31) = 1.95, p = .17, ηp² = .06, nor their interaction, F(2, 62) = 1.28, p = .28, ηp² = .04, reached statistical significance.","p = .83; p = .17; p = .28",FALSE,NA
244,"0956797614530570","Asterisks indicate statistically significant paths ( † p < .10, *p < .05, **p ≤ .01).","p < .10; p < .05; p ≤ .01",FALSE,NA
245,"0956797614545886","Compared with the control tasks, the pain tasks were not viewed as more threatening (pain tasks: M = 1.11, SD = 0.41; control tasks: M = 1.17, SD = 0.41), t(57) = 0.59, p = .561, but they were viewed as marginally more challenging (pain tasks: M = 2.62, SD = 0.90; control tasks: M = 2.15, SD = 0.93), t(52) = 1.94, p = .057. We predicted that participants in the pain condition, compared with those in the no-pain condition, would engage in more cooperative behavior by selecting higher numbers in the game.","p = .561; p = .057",NA,NA
246,"0956797614539165","The results revealed a marginally significant three-way interaction among SK condition, choice-set size, and feature informativeness, χ 2 (1, N = 719) = 3.33, p = .068. Further analyses revealed that the SK Condition × Choice-Set Size interaction found in Study 1 was replicated when feature informativeness was high, χ 2 (1, N = 360) = 8.12, p = .004: Low-SK participants were more likely to select the wine than the $5 when the choice set was large (34%) than when it was small (22%; Fig. 2), χ 2 (1, N = 180) = 3.3, p = .069.","p = .068",FALSE,NA
247,"0956797613514251","Self-esteem was unrelated to frequency of noninflated praise, r(112) = -.14, p =.142.","p =.142",TRUE,"nonsig_sample"
248,"0956797614531602","This analysis revealed neither a significant effect of instruction, F(2, 57) = 0.19, p > .05, or scenario, F(1, 58) = 0.08, p > .05, nor an instruction-by-scenario interaction, F(2, 57) = 0.09, p > .05 (see Table 1 for means). Thus, we can be reasonably confident that any differences in recall performance following the think/ no-think procedure cannot be attributed to inherent differences in the memorability of the scenarios themselves.","p > .05; p > .05 ",TRUE,"nonsig_sample"
249,"0956797614532656","As shown in Figure 2, WMC in Experiment 2 was not significantly reduced when participants had to judge the color diversity of the noncued rows (M = 3.08) concurrently with the letter task, compared with carrying out only the letter task (M = 2.94), t(8) = -1.1, p = .3 (see WMC Results in Supplemental Method and Results for replication of these findings in Experiment 3). In Experiment 1, WMC was the same when participants estimated the color diversity of the cued row (M = 3.29) or of the noncued row (M = 3.32), t(11) = -0.2, p = .81, and also did not vary between congruent and incongruent colordiversity relations of the cued and the noncued rows (see Fig. S5 in Supplemental Method and Results).","p = .3 ",TRUE,"nonsig_sample"
250,"0956797614529978","There was no difference in the amount of F1 shift for subjects in the two perceptual-training groups, t(40) = 0.77, p > .45. In Experiment 2, the baseline F1 frequency of subjects averaged 729 Hz, and there was again no difference in baseline F1 frequency between the two groups, t(18) = 0.07, p > .9.","p > .45",TRUE,"nonsig_sample"
251,"0956797614523297","Seven-to 10-year-olds and adults attributed competence with similar consensus (p = .91, d = 0.18). Data were further analyzed using a 3 (trait: trustworthiness vs. dominance vs. competence) × 4 (age group: 3-to 4-year-olds vs. 5-to 6-year-olds vs. 7-to 10-yearolds vs. adults) mixed-model ANOVA with repeated measures on the first factor.","p = .91",TRUE,"nonsig_sample"
252,"0956797613505776","There was also no significant difference in the proportion of new words misattributed as heard (M = 0.14) versus imagined (M = 0.13), F(1, 19) = 0.11, p = .74, ηp² = .006. Thus old/new recognition was approximately the same for heard and imagined items.","p = .74",TRUE,"nonsig_sample"
253,"0956797614527113","Excluding the prison item from analyses did not alter findings in Study 3a, but reduced the effect of condition on policy endorsement in Study 3b (p = .089).","p = .089",FALSE,NA
254,"0956797614531027","The ratings of anger were not significantly affected by the size of the demand, F(1, 290) = 3.32, p = .068, and demand size did not interact with expression, F(1, 290) < 0.001, p = .995. The same pattern held for ratings of happiness: no significant main effect of demand size, F(1, 290) = 1.04, p = .308, and no significant interaction, F(1, 290) = 1.03, p < .310.","p = .068; p = .995",TRUE,"nonsig_sample"
255,"0956797614527113","Participants in the control and assuaged-threat conditions did not differ, F(1, 161) < 1, p =.979.","p =.979",TRUE,"nonsig_sample"
256,"0956797614530570","This model provided an overall good fit to the data, χ 2 (3, N = 389) = 3.25, p = .36, CFI = .99, RMSEA = .02 (90% confidence interval, or CI = [.00, .09]), SRMR = .02. Cumulative experiences of early adversity by age 5 predicted elevated cigarette smoking, and were marginally significant in predicting elevated BMI, in young adulthood.","p = .36; 90% confidence interval",FALSE,NA
257,"0956797614522816","No main effect of saccade amplitude on judgment appeared, F(1, 26) = 1.122, p = .299, ηp² = .041, but there was an effect of stimuli type, F(3, 78) = 20.836, p < .001, ηp² = .445 (Ms = 4.06°, 3.33°, 4.31°, and 3.44° for classrooms, pools, restaurants, and roads, respectively), and an interaction, F(3, 78) = 4.869, p = .004, ηp² = .158, with restaurants having a trend for longer saccades during subordinate categorizations (M = 4.62°) than during basic categorizations (M = 3.99°), t(26) = 1.735, p = .094. In contrast, there were similar, but not significant, numerical patterns for classrooms (basic: M = 3.81°; subordinate: M = 4.31°) and pools (basic: M = 3.04°; subordinate: M = 3.63°), ts < 1.560, ps > .131, whereas for roads, there were longer saccades in the basic condition (M = 3.61°) than in the subordinate condition (M = 3.27°), t <1.","p = .299; p < .001; p = .004; p = .094",FALSE,NA
258,"0956797614540178","3 Results showed a main effect of box, F(3, 63) = 2.70, p = .053, ηp² = 0.11, as well as a significant Reliability × Box interaction, F(3, 63) = 9.83, p < .001, ηp² = 0.32. This interaction was explored using separate univariate ANOVAs for generalization trials with reliable faces and generalization trials with unreliable faces.","p = .053; p < .001",FALSE,NA
259,"0956797613516471","Furthermore, when considering the symbolic (digit) and nonsymbolic magnitude-comparison tasks alone, there was no difference between the one-factor magnitude model and a nested model in which the symbolic and nonsymbolic comparison tasks loaded on one factor each, Satorra-Bentler χ 2 Δ(1) = 0.073, p =.787.","p =.787",TRUE,"nonsig_sample"
260,"0956797614535937","Interactions between group and trial type were not significant (target familiar: β = 0.79, SE = 1.04, z = 0.77, p = .44; target unfamiliar: β = -0.03, SE = 0.62, z = -0.05, p = .96).","p = .44; p = .96",FALSE,NA
261,"0956797613514451","Expression also did not have a significant effect on the number of fixation losses, F(2, 20) = 0.03, p > .9; false positive responses, F(2, 20) = 2.1, p > .14; or false negative responses, F(2, 20) = 1.5, p > .23. In conjunction, these data suggest that changes in the ocular adnexa (i.e., the structural envelope around the eye) are the primary factor responsible for the altered perceptual sensitivity associated with fear and disgust expressions.","p > .9; p > .14; p > .23",FALSE,NA
262,"0956797613520014","Although there was no main effect of trial type, χ 2 (1) = 2.09, p < .15, trial type and language interacted, β = -0.77, SE = 0.24, χ 2 (1) = 3.75, p < .053. For English productions, trial type had a significant effect on the degree of accent; χ 2 (1) = 6.04, p < .02; specifically, productions were more accented on switch than on stay trials, 95% CI = [-6%, -14%].","p < .15; p < .053",TRUE,"nonsig_sample"
263,"0956797614524581","4 On factual-recall questions, participants performed equally well across conditions (laptop: M = -0.006, SD = 1.00; longhand: M = 0.05, SD = 1.01), F(1, 4.01) = 0.046, p = .841. However, on conceptual-application questions, laptop participants performed significantly worse (M = -0.178, SD = 0.900) than longhand participants (M = 0.162, SD = 1.07), F(1, 4.09) = 8.05, p = .046, ηp² = .66 (see Fig. 1).","p = .841",TRUE,"nonsig_sample"
264,"0956797614538065","5.2%), χ 2 (1, N = 446) = 1.87, p = .172. Similarly, a higher percentage of men than of women were in the quasi-HE group (11.5% vs.","p = .172",FALSE,NA
265,"0956797614532474","The difference between the two types of variance was not significant, t(13) = 1.61, p = .13. Thus, although opensmiling behavior contributed to the within-individual variance, it did not account for all of this variance.","p = .13",FALSE,NA
266,"0956797614538458","No measure of metacognition was significantly correlated with general intelligence scores as measured by the KBIT-2-emotion task: r(30) = .11, p = .55; number task: r(30) = .13, p = .46. This is further evidence of the domain specificity of metacognition in that children's numerical metacognition is uniquely related to their mathematical skills (Cantlon, 2012).","p = .55; p = .46",FALSE,NA
267,"0956797613520168","As predicted, senders' individual profits showed a stronger first-mover disadvantage when recipients had a proself orientation (n = 34; M = 29.19%) rather than a prosocial orientation (n = 23; M = 47.87%), t(55) = 1.94, p = .057 (Fig. 3, left panel). Viewed from the other perspective, recipients' individual profits indicated that proself recipients (M = 70.81%) were more likely to take advantage of the information asymmetry than were prosocial recipients (M = 52.13%).","p = .057 ",FALSE,NA
268,"0956797614529797","There were no differences in detection rate between manipulated trials in which ""gray"" was replaced by ""green"" and in which ""green"" was replaced by ""gray,"" χ 2 (1, N = 155) = 0.002, p = .96, so we present results for a combined measure.","p = .96",TRUE,"nonsig_sample"
269,"0956797613516148","However, subjective well-being did not mediate the relationship between improved health status and altruistic-donation rates, z = -0.27, p =.79.","p =.79",TRUE,"nonsig_sample"
270,"0956797614534694","As expected, sleep-deprived participants reported significantly higher morning sleepiness, and lower positive affect, relative to rested participants, ps < .001, but there was no association between morning sleepiness and MCR rate, r(88) = .05, p = .62, or false memory rate, r(88) = .02, p = .83. Similarly, there was no association between morning positive affect and MCR rate, r(91) = .03, p = .80, or false memory rate, r(91) = -.04, p = .74 (see the Supplemental Material for group means and statistics).","p = .62; p = .83",TRUE,"nonsig_sample"
271,"0956797613507584","(Though the notched shapes' longer medial axes conferred a statistical advantage over the unnotched shapes' medial axes, neither notched shape's medial axis captured the unnotched shape's touches better than the unnotched shape's own medial axis did-triangle: p = .22; rectangle: p = .23). Additionally, a randomly sampled point (from 1,000 uniformly spaced samples) on a given notched shape's medial axis had a nearer nearest touch among the notched shape's touches than among the unnotched shape's touches-triangle: t(999) = 9.74, p < .001; rectangle: t(999) = 9.87, p < .001.1 Evidently, even small border perturbations can figure in the computation of skeletal shape representations-a result that illustrates how this method can yield new discoveries about shape representation.","p = .22; p = .23",TRUE,"nonsig_sample"
272,"0956797614522068","None of the means significantly deviated from 0°; in fact, at the critical early-postsaccade delay, the mean color reported was only 0.29° different from the true retinotopic color, t(8) = 0.372, p = .720, and there was no significant difference between postsaccade conditions, t(8) = 1.19, p = .270. A betweengroups comparison revealed a significant difference between the retinotopic bias in Experiment 1 and the spatiotopic bias in Experiment 2, t(17.8) = 2.87, p = .010, equal variances not assumed; linear mixed model: F(1, 23) = 4.837, p =.038.","p = .720; p = .270",FALSE,NA
273,"0956797614529978","Indeed, when the patterns of speech motor learning were normalized to baseline production during the return session of testing, the between-group difference in aftereffects was reduced and no longer significant (p = .076).","p = .076",FALSE,NA
274,"0956797614524581","Indeed, for factual questions, there was no significant direct effect of overlap on performance (p = .52). As in Studies 1 and 2, the detriments caused by verbatim overlap occurred primarily for conceptual rather than for factual information, which aligns with previous literature showing that verbatim note taking is more problematic for conceptual items (e.g., Bretzing & Kulhavy, 1979).","p = .52",FALSE,NA
275,"0956797614522816","This interaction occurred because participants in the basic condition had numerically longer fixations when categorizing pool scenes (M = 383 ms) compared with participants in the subordinate condition (M = 325 ms), t(26) = 1.598, p = .122; fixation durations for all other scenes were significant, ts > 2.370, ps < .025 (Table 1). There was no effect of judgment on saccade amplitudes (F < 1); however, as one would expect given the different layouts between the different category groups, there was a main effect of stimuli type, F(3, 78) = 5.882, p = .001, ηp² = .184 (Ms = 2.75°, 2.31°, 2.72°, and 2.51° for classrooms, pools, restaurants, and roads, respectively; Table 1).","p = .122",TRUE,"nonsig_sample"
276,"0956797614539165","The main effect of choice-set size was nonsignificant, χ 2 (1, N = 284) = 0.14, p = .71. Finally, overall, low-SK participants (31%) were more likely than high-SK participants (18%) to choose coffee over the $5, χ 2 (1, N = 284) = 7.2, p =.007.","p = .71",FALSE,NA
277,"0956797613508790","We tested this mediational model (see Fig. 2), which fit the data well, χ 2 (4) = 3.27, p = .51; RMSEA = .00, CFI = 1.0, SRMSR = .02; indirect effect = 0.08, p < .01. As hypothesized, shame exerted a significant positive mediated effect on recidivism via its relation to externalization of blame (indirect effect = 0.08, p < .01).","p = .51; p < .01",FALSE,NA
278,"0956797614530570","Descriptive Statistics and Pearson Correlations Among Early Adversity, Health Behaviors, Depressive Symptoms, Chronic Stress, and Inflammatory Markers p < .10. *p < .05. **p <.01.","p < .10; p < .05; p <.01",FALSE,NA
279,"0956797613511823","There was no correlation between men's self-perceived dominance and women's interest in the men for a friendship, r(77) = -.13, p = .25, or the percentage of times a man was chosen for a second date, r(77) = -.02, p = .89. In summary, results tentatively indicated that men's ratings of their own dominance tracked women's perception of their dominance, and that men's fWHR and self-rated dominance showed similar patterns of association with desirability as a mate.","p = .25; p = .89",TRUE,"nonsig_sample"
280,"0956797614526415","With placebo, prior regulation increased slow-4 power, t(45) = 1.69, p = .10, d = 0.49, but with methylphenidate, slow-4 power decreased, t(45) = -2.38, p = .11, d = 0.47. In the slow-3 band, these effects were not observed (main effect of drug, main effect of prior regulation, and Drug × Prior Regulation interaction: all ps > .29).","p = .10; p = .11",FALSE,NA
281,"0956797614524581","To fill that omission, we now report the following at the end of the first paragraph on p. 1161: ""There was no significant difference in performance on factual questions across lectures, F(4, 4) = 1.57, p = .33.""","p = .33",FALSE,NA
282,"0956797613514093","The IAT and MRS scores were not significantly correlated across participants, r(28) = .3, p =.12.","p =.12",FALSE,NA
283,"0956797613518351","There was no effect of condition on success on trained problems (action condition: β = -0.22, z = -0.41, p = .68; concrete-gesture condition: β = 0.71, z = 1.27, p = .20); children did not display significantly different odds of succeeding on the trained problems as a function of condition. Releveling the model with the action condition as the baseline revealed no difference between the action and abstract-gesture conditions (β = 0.22, z = 0.41, p = .68), but a marginal difference between the action and concrete-gesture conditions (β = 0.92, z = 1.68, p = .09).","p = .68; p = .20",TRUE,"nonsig_sample"
284,"0956797614526260","The genetic model (Cholesky decomposition) is shown in Figure 2, χ 2 (201) = 221.27, p = .151, RMSEA = .025, in which common additive genetic (A Com ) and nonshared-environmental influences (E Com ) predict variation in all three traits. The model also includes the genetic and environmental factors that are shared only between procrastination and impulsivity (A P&I and E P&I ) and those specific to only procrastination (A Proc and E Proc ).","p = .151",FALSE,NA
285,"0956797614531799","This interaction failed to reach significance, HR = 1.01, 95% CI = [1.00, 1.01], p = .32. Additional analyses confirmed the pattern of proportionality.","p = .32; 95% CI; [1.00, 1.01]",FALSE,NA
286,"0956797613508790","Standardized parameter estimates are shown ( † p = .052, **p < .01, ***p < .001). Tangney et al., 2007). Inmates prone to feelings of guilt about specific behaviors are less likely to subsequently reoffend than their less guilt-prone peers.","p = .052; p < .01; p < .001",FALSE,NA
287,"0956797614535401","There were no differences between groups in mean SCRs to the CS+ (p = .26) or CS-(p = .21). In short, learning was equal in the two groups.","p = .26; p = .21",TRUE,"nonsig_sample"
288,"0956797614545886","There were no significant differences between conditions in positive affect (pain condition: M = 3.05, SD = 0.82; no-pain condition: M = 2.80, SD = 0.83), t(52) = 1.09, p = .283, or negative affect (pain condition: M = 1.34, SD = 0.45; no-pain condition: M = 1.27, SD = 0.37), t(52) = 0.60, p = .554. Compared with the control tasks, the pain tasks were viewed as marginally more threatening (pain tasks: M = 1.36, SD = 0.58; control tasks: M = 1.11, SD = 0.30), t(52) = 1.97, p = .054, but not more challenging (pain tasks: M = 2.67, SD = 0.87; control tasks: M = 2.37, SD = 0.91), t(52) = 1.22, p =.227.","p = .283; p = .554",NA,NA
289,"0956797614524581","The pattern of data for factual questions was similar, though the differences were not significant (longhand: z-score M = 0.025, SD = 0.97; laptop intervention: z-score M = 0.063, SD = 1.05; laptop non intervention: z-score M = -0.089, SD = 0.99), F(1, 4.54) = 4.08, p = .11 (see Fig. 4). 8 There was a significant difference in conceptual performance across lectures, F(4, 4) = 19.87, p = .007, ηp² = .95, but the interaction was not significant, F(4, 89) = 0.138, p = .97.","p = .11 ",TRUE,"nonsig_sample"
290,"0956797613504785","Ratings of the Gap as selfish and manipulative were consistent with the predicted pattern, but the contrast analysis was only marginally significant, t(202) = 1.43, p =.15.","p =.15",FALSE,NA
291,"0956797614526063","Compatibility had a marginally significant effect, F(1, 38) = 3.1, p = .08. Most important, the interaction of instruction and compatibility was significant, F(1, 38) = 6.1, p < .02, ηp² = .14.","p = .08",FALSE,NA
292,"0956797614532295","In contrast, men's sexual satisfaction scores did not differ significantly from their nonsexual satisfaction scores in either the noncongruent group, t(187) = -0.99, p = .320, or the congruent group, t(176) = -0.33, p = .740. Furthermore, although women in the congruent group reported higher sexual satisfaction scores than men in that group, t(176) = 3.60, p < .001, this difference was not significant in the noncongruent group, t(187) = 1.82, p = .070.","p = .320; p = .740",FALSE,NA
293,"0956797614538065","4 We regressed the average proportion of the endowment the participants gave to their partners in the seven dictator games on this measure of success and control variables (gender and age) and found that the socioeconomic success of our participants did not significantly affect their levels of giving in the dictator games (β = -0.019, p = .698). At the same time, we observed a large difference in this measure of success between the HE group (M = 0.122, SD = 0.438) and the quasi-HE group (M = -0.175, SD = 0.561).","p = .698",FALSE,NA
294,"0956797614531295","Age of the infant was not significantly associated with mean fixation duration (β = 0.23, R² = .01, p = .07).","p = .07",FALSE,NA
295,"0956797614522068","Swapping errors were not seen in this context-probability of misreport for other cue versus control: t(17) = 0.54, p = .594. A significant between-groups interaction with Experiment (3, 4) × Tail (other cue, control) × Bin (1-14) confirmed the difference in error patterns in the shifting versus splitting contexts, F(4.2, 116.8) = 3.79, p = .005 (equal variances not assumed).","p = .594",FALSE,NA
296,"0956797614527114","This correlation was not significant in the slow-(r = .20, p = .42) and fast-velocity (r = .14, p = .58) conditions. This finding indicates that the greater the caregiver's sensitivity to social touch, the greater the infant's heart rate deceleration in response to medium-velocity touch.","p = .42; p = .58",FALSE,NA
297,"0956797614525213","Neither the main effect of block, F(2, 70) = 2.12, p = .13, ηp² = .06, nor the interaction of phase and block, F(2, 70) = 0.38, p = .69, ηp² = .01, proved reliable.","p = .13; p = .69",FALSE,NA
298,"0956797613514251","Self-esteem, gender, and age did not differ between conditions, p = .180, which indicates successful random assignment. Higher age predicted more challenge seeking, r(238) = .33, p < .001, but controlling for age did not affect the results.","p = .180",TRUE,"nonsig_sample"
299,"0956797613510950","The percentage of households starting the survey was uninfluenced by experimental condition, χ 2 (1, N = 4,073) = 0.66, p = .42. Thus, we limited the initial analyses to those 4,073 households (see Table 1 for descriptive statistics).","p = .42",TRUE,"nonsig_sample"
300,"0956797614527114","No significant difference was seen between the slow-and fast-velocity conditions (p = .89).","p = .89",FALSE,NA
