"paper_id","sentence","stat_text","model_misinterpreted","model_category"
"0956797613504302","On the first exam, retention for items assigned to the personalized spaced scheduler was 12.4% higher than retention for items assigned to the massed scheduler, t(169) = 1.01, p < .001, Cohen's d = 1.38, and 8.3% better than retention for items assigned to the generic spaced scheduler, t(169) = 8.2, p < .001, Cohen's d = 1.05 (Fig. 2a). Over the 28-day intersemester break, the forgetting rate was 18.1%, 17.1%, and 15.7% for the massed, generic spaced, and personalized spaced conditions, respectively, so that the advantage of personalized review became even larger.","p < .001",FALSE,NA
"0956797613504785","In addition, as observed in the previous experiment, participants in the charity condition rated the target as significantly less moral (M = 5.53, SE = 0.25) than did the participants in the corporate condition (M = 6.24, SE = 0.19), t(91) = 2.22, p = .029, and they rated his actions as equally beneficial across the two conditions (M = 6.00 for the charity condition and M = 5.72 for the corporate condition, p = .38).","p = .029; p = .38",TRUE,"nonsig_sample"
"0956797613505776","Participants gave higher ratings to heard items (M = 2.71) than to imagined items (M = 2.50), F(1, 19) = 15.57, p = .001. They also gave higher ratings to items they subsequently called ""heard"" (M = 2.68) than to those they called ""imagined"" (M = 2.59) or ""new"" (M = 2.56), F(2, 38) = 7.76, p = .001; the ratings of items called ""imagined"" did not differ significantly from those called ""new.""","p = .001",FALSE,NA
"0956797613505776","For imagined items, there was no significant difference between the proportion of correct ""imagined"" responses (M = 0.28) and incorrect ""heard"" responses (M = 0.26; p = .60). 2 This pattern is remarkably similar to the pattern seen in Johnson et al. (1988, Experiment 2), in which old/new recognition was much better (hits ~75% did not differ across the heard and imagined conditions), which indicates that reality-monitoring difficulty does not depend on low levels of recognition.","p = .60",TRUE,"nonsig_sample"
"0956797613505776","An area including left middle frontal gyrus (MFG), extending into precentral gyrus-Brodmann's area (BA) 6, (4) showed a significant interaction between encoding condition and response type at Times 3 through 4, F(2, 38) = 3.36, p = .04, ηp² = .150 (Fig. 2a). For heard items, there was no significant difference in activity among responses (F < 1), but for imagined items, F(2, 38) = 4.05, p = .03, ηp² = .176, there was more activity for items subsequently correctly called ""imagined"" than for items incorrectly called ""heard,"" F(1, 19) = 4.88, p = .03, ηp² = .204, or ""new,"" F(1, 19) = 7.06, p = .02, ηp² = .271; ""heard"" and ""new"" responses did not differ significantly (p > .05).","p = .04",FALSE,NA
"0956797613507584","Moreover, touches conformed to the medial axis rather than to the diagonal-symmetry axes (Fig. 2d): Touches averaged a distance of 0.57 cm (33.3 pixels) from the nearest diagonal-axis point, which was significantly farther than the average distance from the medial axis, t(399) = 2.72, p = .007 (all tests twotailed)-and this comparison underestimates the superior fit of the medial axis, because the diagonal-symmetry axes are 10% longer than the medial axis. Participants' touches thus appear to be drawn distinctly toward medial axes.","p = .007 ",FALSE,NA
"0956797613508790","There remained a marginal negative direct effect of shame on recidivism (β = -0.12, p = .052), however-an effect in the opposite direction. Shame unimpeded by defensive externalization of blame exerted an inhibitory effect on recidivism.","p = .052",FALSE,NA
"0956797613510950","Similar results were obtained in regressions predicting the numbers of items purchased and the amount of money spent (see Methods and Results, Table S1, in the Supplemental Material). *p < .05. ***p <.001.","p < .05; p <.001",FALSE,NA
"0956797613511257","We conducted a 3 (probe type) × 6 (block) analysis of variance (ANOVA) on luminancedetection error rate and found main effects of probe type, F(2, 34) = 9.21, p < .01, and block, F(5, 85) = 5.45, p < .001, that were mediated by a significant interaction, F(10, 170) = 3.54, p < .001 (Fig. 2b). Post hoc tests revealed that there was a main effect of probe type in Blocks 1 and 2 (ps < .01), and subsequent Tukey's honestly significant difference (HSD) comparisons showed that the error rate was higher following neutral probes compared with other probes in those first two blocks (ps < .05).","p < .01; p < .001; p < .001 ",FALSE,NA
"0956797613511467","Rate estimates (lambda values) revealed significant improvements in frequency sensitivity during both anodal sessions, t(14) = 4.15, p = .0009, and sham sessions, t(14) = 2.51, p = .025, a pattern of results consistent with general practice or learning effects. Critically, though, rate estimates were significantly larger for anodal sessions, t(14) = 2.56, p = .02, d = 0.84, which indicates that anodal stimulation over AC enhanced performance gains on the tactile-frequency-discrimination task relative to sham stimulation.","p = .0009; p = .025",FALSE,NA
"0956797613511468","After an incorrect conflict experience, there was no interaction between congruence on the current trial and congruence on the previous trial, F(1, 51) = 0.001, p = .97, ηp² < .001; congruence effects were virtually identical after congruent (53 ms) and incongruent trials (54 ms).","p = .97",TRUE,"nonsig_sample"
"0956797613511468","The group of 52 participants had a mean d′ value of 0.55, which differed significantly from chance, t(51) = 7.84, p < .001. As one would expect, d′ was positively related to conflict-d, r = .66, t(51) = 6.91, p < .001.","p < .001",FALSE,NA
"0956797613511468","The crucial three-way interactions remained significant when we used more strict cutoff values of 15 trials-RTs: F(1, 38) = 7.21, p = .011, ηp² = .16; error rates: F(1, 38) = 5.49, p = .025, ηp² = .13-and 20 trials-RTs: F(1, 34) = 7.08, p = .012, ηp² = .17; error rates: F(1, 34) = 4.49, p = .041, ηp² = .12. Note that most of the excluded subjects had very high values of conflict-d (M = 1.69, SD = 1.23) and were thus excluded because of a lack of incorrect conflict responses (i.e., false alarms) rather than because of insensitivity to conflict experience.","p = .011; p = .025; p = .012; p = .041",FALSE,NA
"0956797613511823","Self-rated dominance was positively correlated with other-perceived dominance at a marginally significant level, r(76) = .20, p = .09. There was no correlation","p = .09",TRUE,"nonsig_sample"
"0956797613512662","We again found significant correlation of error patterns for junction angles (r = .658, p = .0014), junction types (r = .576, p = .0097), and curvature (r = .511, p = .0097) but not for line orientation (r = .078, p = .34) or contour length (r = .023, p = .41; Fig. 2d). Because we observed the same pattern of correlations for photographs and for line drawings, we conclude that the importance of junctions and curvature for human behavior transcends the specifics of the low-level representation of scenes.","p = .0014; p = .0097; p = .34; p = .41",FALSE,NA
"0956797613512663","The results, displayed in Figure 1, revealed significant proleader distortion (D1 = 0.30), t(120) = 2.66, p = .01, but no distortion for the immediately trailing alternative (D2 = -0.04), t(120) = -0.38, p = .71. However, participants distorted information against the trailers in the third position (D3 = -0.27), t(120) = -2.59, p = .01; fourth position (D4 = -0.31), t(120) = -2.94, p < .01; fifth position (D4 = -0.31), t(120) = -2.90, p < .01; and sixth position (D6 = -0.51), t(120) = -5.50, p <.01.","p = .01; p = .71",TRUE,"nonsig_sample"
"0956797613513810","For P e, the SOA × T2 Duration interaction was significant, F(1, 15) = 13.82, p = .002. P e was markedly reduced when the SOA and T2 duration were both short (Fig. 5b), which is the condition expected to produce an AB.","p = .002",FALSE,NA
"0956797613513810","In contrast, σ neither was affected by SOA, F(1, 15) = 0.02, p = .88, nor exhibited an interaction between SOA and T2 duration, F(1, 15) = 0.70, p = .41 (Fig. 5c). This parameter was, however, strongly modulated by T2 duration, F(1, 15) = 11.11, p = .005, which indicates that the mixturemodeling analysis was sensitive to the precision at which a stimulus was encoded; doubling T2 duration should allow more information to be extracted and yield a more veridical face representation (Todd et al., 2011).","p = .88; p = .41 ",TRUE,"nonsig_population"
"0956797613513906","The main effect of visual status was significant, F(1, 58) = 175.34, p < .001, η² = .751; overall, sighted participants outperformed visually impaired ones. Accuracy averaged across all conditions was 90.3% for sighted participants and 58.4% for the early-blind (visually impaired) subjects.","p < .001",FALSE,NA
"0956797613513906","The main effect of matrix size was also significant, F(2, 116) = 46.781, p < .001, η² = .446, with larger matrix sizes eliciting poorer performance. The interaction between matrix size and command-chain length was significant, F(2, 116) = 8.966, p < .001, η² = .133; overall accuracy decreased with increased task complexity.","p < .001",FALSE,NA
"0956797613513906","Asterisks indicate significant differences between groups (*p < .05, **p < .01). Error bars represent ±1 SEM.","p < .05; p < .01",FALSE,NA
"0956797613514092","Consistent with our theory, results showed that for respondents whose income was 1 standard deviation below the mean, the effect of inflation was significant, such that inflation was associated with harsher moral judgments, b = 0.00084, SE = 0.00029, z = 2.870, p = .004. However, for respondents whose income was 1 standard deviation above the mean, inflation had no effect on moral judgments, b = 0.00024, SE = 0.00028, z = 0.855, p = .392.","p = .004",TRUE,"nonsig_sample"
"0956797613514251","As hypothesized, adults gave more inflated praise to children with low selfesteem (33%) than to those with high self-esteem (18%), paired t(711) = 12.35, p < .001, d = 0.46. This effect was not moderated by participants' age, gender, years of education, or role (i.e., parent, teacher, or other), ps >.077.","p < .001",TRUE,"nonsig_sample"
"0956797613514251","Children with lower self-esteem answered fewer questions correctly, r(112) = .23, p =.015.","p =.015",FALSE,NA
"0956797613514251","Again, lower levels of self-esteem predicted more inflated praise, b = -0.86, SE = 0.34, t(110) = -2.55, p = .012, β = -0.25. Number of correct answers, gender of parent, age of parent, gender of child, and age of child were unrelated to frequency of inflated praise, ps > .332, and did not moderate its link with self-esteem, ps >.108.","p = .012",TRUE,"nonsig_sample"
"0956797613515003","An index of early entry into the workforce should be positively correlated with youth employment, but Bleidorn's job index has a significant negative correlation with the labor-force participation rate of youths ages 20 to 24 years (r = -.48, p = .005; N = 33 overlapping nations; see the Supple mental Material for details). Given such an inverse relation, the results of Bleidorn et al. are in the opposite direction of their conclusion.","p = .005",FALSE,NA
"0956797613516008","These gains correlated positively with cognitive measures, with stronger correlations in math (processing speed: r = .29, p < .001; working memory: r = .12, p = .001; fluid reasoning: r = .32, p < .001; composite: r = .32, p < .001) than in ELA (processing speed: r = .21, p < .001; working memory: r = .04, p = .2; fluid reasoning: r = .19, p < .001; composite: r = .18, p < .001). These findings suggest that overall academic improvement, which here includes any gains attributable to the school attended and to other individual and contextual factors, was related to cognitive ability.","p < .001; p = .001; p = .2",FALSE,NA
"0956797613516009","The intervention also induced learning among older children, Wald χ 2 (4, N = 145) = 31.51, p < .001 (see Fig. 1b). Many older children entered the experiment already possessing sufficient knowledge of the isolated facts and even some theory.","p < .001 ",FALSE,NA
"0956797613516009","The revised intervention also induced learning in older children, Wald χ 2 (2, N = 48) = 16.72, p < .001 (see Fig. 2b). The odds ratio of children's exhibiting a higher level of natural-selection understanding on the comprehension test, relative to the pretest, was 38.98, p < .001, 95% CI = [5.64, 269.67].","p < .001 ",FALSE,NA
"0956797613516145","Infants who saw the behind-ear action chose randomly (7 of 16 infants chose the fruits from the plant; binomial p = .80), a significantly different pattern of response than observed in the in-mouth condition (Fig. 1), Pearson χ 2 (1, N = 32) = 4.80, p = .03. Thus, despite seeing the same social information (the in-mouth action) applied to both object types, infants preferentially identified the plant as a food source.","p = .80; p = .03",TRUE,"nonsig_sample"
"0956797613516145","In this case, infants chose randomly between the plant and the artifact (Fig. 1; 9 of 16 infants chose fruits from the plant; binomial p = .80). Without viewing the inmouth action, infants no longer identified the plant as a more likely food source.","p = .80",TRUE,"nonsig_sample"
"0956797613516145","The Object Type × Condition interaction was significant for both Experimenter 1 events, F(1, 27) = 7.39, p = .01, ηp² = .22, and Experimenter 2 events, F(1, 28) = 4.54, p = .04, ηp² = .14. These results confirmed that preverbal infants' differential expectations about plants were constrained to the food-relevant in-mouth condition.","p = .01; p = .04",FALSE,NA
"0956797613516146","The manipulation of keeping performance at 75% resulted in a different number of rectangles in the displays at the end of the experiment for each of the three conditions (Fig. 3b), F(2, 46) = 29.5, p < .001: Iconic-memory capacity was higher than fragile-memory capacity, t(23) = 2.4, p = .026, which was higher than working memory capacity, t(23) = 6.5, p <.001.","p < .001; p = .026; p <.001",FALSE,NA
"0956797613516146","This finding matches earlier findings that the response bias for unattended representations is more liberal than for attended representations (Rahnev et al.,2011, Rahnev, Maniscalco, et al., 2012), thereby further supporting the claim that sensory Fragile memory: p = .35 Working memory: p = .15 0.71 (0.47) 20 Fragile memory: p = .33 Working memory: p = .31 Fragile memory 1.42 (1.27) 24 Iconic memory: p = .35 Working memory: p = .50 0.86 (0.42) 14 Iconic memory: p = .33 Working memory: p = .93 Working memory 1.71 (1.64) 24 Iconic memory: p = .15 Fragile memory: p = .50 0.88 (0.52) 18 Iconic memory: p = .31 Fragile memory: p =.93","p = .35 ; p = .15 ; p = .33 ; p = .31 ; p = .50 ; p = .93 ; p =.93",FALSE,NA
"0956797613516148","We first examined the bivariate association between 2010 state-level well-being and per capita donation rates from 1999 to 2010 and found a positive association between well-being and per capita altruistic donation, r(48) = .52, p < .001 (see Fig. 2). To account for possible high-leverage outliers (in particular, Utah's donation rate was 4.55 SD above the mean), we also conducted a rankorder correlation, which yielded comparable results, ρ(48) = .70, p < .001.","p < .001 ",FALSE,NA
"0956797613516148","These correlations were again replicated for the nine broader geographic regions, r(7) = .83 (p = .006), ρ(7) = .83 (p = .005), which reaffirmed the strong positive relationship between regional well-being and altruism.","p = .006; p = .005",FALSE,NA
"0956797613516148","Table 2.2010 State-Level Subjective Well-Being and 2010 Sociodemographic Covariates as Predictors of Altruistic Organ Donation Between 1999 and 2010 Predictor variable β t(40) Well-being 0.58 2.36* Gini coefficient a -0.31 -1.65 Median income 0.40 2.63* Percentage non-Hispanic White 0.42 2.54* Male-to-female ratio -0.38 -2.36* Median age -0.34 -2.47* Educational attainment -0.07 -0.23 Poor mental health -0.01 -0.04 Poor physical health 0.30 1.19 Note: Overall model: R² = .58, F(9, 40) = 6.22, p < .001. a Smaller Gini coefficients represent more equal distribution of income. *p <.05.","p < .001; p <.05",FALSE,NA
"0956797613516148","Asterisks indicate significant paths (*p < .05, **p < .01).","p < .05; p < .01",FALSE,"nonsig_population"
"0956797613516470","Greater parental authoritarianism was associated with a higher number of trusting responses to the ambiguously conventional adult speaker (b = 1.85, p < .01), after the effects of the control variables were taken into account. For clarity, we also computed a first difference for parental authoritarianism, which indicated the simulated change in the probability of a trusting response associated with moving from the lowest to the highest value of authoritarianism (Long & Freese, 2005).","p < .01",FALSE,NA
"0956797613516470","Predictions are based on estimates shown in Table4; the shaded bands represent 95% confidence intervals.","95% confidence interval",FALSE,NA
"0956797613516471","1, and the model predicting magnitude-comparison ability is shown in Figure2. *p < .05. **p <.01.","p < .05; p <.01",FALSE,NA
"0956797613516634","A paired t test failed to detect a statistical difference between the two means, t(5) = 0.1850, p =.8604. Ziegler, Hannagan, et al. (2013) We applied the model to materials from Ziegler, Hannagan, et al. (2013) using the same memory matrices developed in the previous simulations. We constructed TL and DS nonwords using Ziegler, Hannagan, et al.'s instructions.","p =.8604",FALSE,NA
"0956797613516801","As expected, the cumulative survival rate was significantly higher in the rejectable-choice condition than in the forced-choice condition for both the number of words attempted, χ 2 (1, N = 189) = 6.03, p < .015, and the number of words correctly solved, χ 2 (1, N = 189) = 6.10, p < .014. Moreover, the availability of the opt-in/out question prior to viewing the choice set (in the opt-in forced-choice condition) did not increase persistence; the cumulative survival rate for both dependent variables was significantly lower in the opt-in forcedchoice condition than in the rejectable-choice condition, attempted: χ 2 (1, N = 189) = 6.85, p < .01; correctly calculated: χ 2 (1, N = 189) = 5.69, p < .02.","p < .015; p < .014",FALSE,NA
"0956797613516801","M = 56.60 s, respectively), F(1, 124) = 2.85, p < .095, and were more accurate in their responses (M = 4.07 vs. M = 5.05, respectively), F(1, 124) = 6.33, p < .015.","p < .095",FALSE,NA
"0956797613516802","However, when we investigated whether out-group hate was the underlying motive for this behavior by also considering egalitarian allocations (i.e., we aggregated resources allocated to the in-group member and to the neutral box and compared this sum with the allocations to the out-group member), mere out-group hate did not appear to be a significant behavioral motivation in this age group, Wilcoxon test, T + = 477.50, p = .957, r = .01. The 8-year-olds (n = 35) allocated 4% of the items to the in-group member, 71% to the out-group member, and 25% to the box, which indicated a significant preference for the in-group relative to the out-group, Wilcoxon test, T + = 630.00, p < .001, r = .87.","p = .957",FALSE,NA
"0956797613516981","4 Tests of conditional effects across BMI revealed that for obese people, the disease message, relative to the control message, predicted nonsignificant decreases in health-focused dieting in Study 1 (b = -0.21, β = -0.12, p = .25) and significant decreases in concern for weight in Study 2 (b = -0.47, β = -0.31, p = .002). The opposite pattern emerged for people of average weight; the disease message predicted nonsignificant increases in health-focused dieting (b = 0.25, β = 0.14, p = .18) and concern for weight (b = 0.15, β = 0.10, p = .31).","p = .25; p = .002",FALSE,NA
"0956797613516981","Finally, for obese individuals in Study 2, there was a conditional indirect effect of the disease message on healthy food choice through concern for weight (calculated using Hayes's, 2013, Model 7 for the PROCESS tool, shown in Fig. 3), index of moderated mediation = 1.70, 95% confidence interval (CI) = [0.377, 3.940]. Specifically, this indirect effect was significant for obese individuals, 95% CI = [5.395, 40.875], but not for individuals of average weight, 95% CI = [-21.384, 5.608].","95% confidence interval; [0.377, 3.940]",FALSE,NA
"0956797613517239","This main effect was qualified by a significant Emotion Category × Cultural Group interaction, F(8, 368) = 12.113, p < .001, ηp² = .208 (see Fig. 1). Both U.S. and Himba participants showed the highest agreement with the intended emotion for the laughter stimuli, which they most frequently labeled as indicating amusement or a close synonym (e.g., happiness; 69% and 79%, respectively).","p < .001",FALSE,NA
"0956797613517240","They also performed more poorly when uninformed than when informed about the upcoming congruency-RT: F(1, 13) = 19.02, p = .001; errors: F(1, 13) = 3.95, p = .068). There was no main effect of reward-RT and errors: F(1, 13) < 1 (Table 1).","p = .001; p = .068",TRUE,"nonsig_sample"
"0956797613517240","Moreover, this analysis showed that the time between PET and behavioral measurements did not explain the observed effect of reward on Stroop interference, β = 0.22, t(10) = 0.76, p = .46, and neither did participants' age, β = -0.24, t(10) = -1.07, p =.31.","p = .46; p =.31",TRUE,"nonsig_sample"
"0956797613518079","Participants in the near-analogy group were more accurate (as measured by the proportion of correct responses) in generating solutions to verbal analogy problems (M = .85, SD = .07) than participants in the far-analogy group were (M = .56, SD = .13), t(52) = 7.69, p < .001, ηp² = 12.9. These results replicate the finding of Green, Fugelsang, et al. (2012).","p < .001",FALSE,NA
"0956797613518349","A 2 (generation status: first vs. continuing) × 2 (intervention condition: difference education vs. standard) analysis of covariance on cumulative GPA revealed a main effect of intervention condition, F(1, 125) = 7.75, p = .006, qualified by the predicted Generation Status × Intervention Condition interaction, F(1, 125) = 4.34, p = .039. Whereas a gap of .30 grade points emerged between first-generation and continuing-generation students in the standard condition, F(1, 61) = 6.56, p = .01, their grades did not differ significantly in the difference-education condition, F(1, 59) = 0.004, p = .95.","p = .006; p = .039",FALSE,NA
"0956797613518349","Whereas a gap of .30 grade points emerged between first-generation and continuing-generation students in the standard condition, F(1, 61) = 6.56, p = .01, their grades did not differ significantly in the difference-education condition, F(1, 59) = 0.004, p = .95. In fact, the achievement gap in the difference-education condition was 63% smaller than in the standard condition.","p = .01; p = .95",FALSE,NA
"0956797613518349","A 2 (generation status) × 2 (intervention condition) MANCOVA on students' end-of-year psychosocial outcomes revealed a significant overall effect of intervention condition, F(8, 119) = 2.44, p = .02; Wilks's Λ = 0.86, but no significant interactions. Univariate analyses revealed that participants in the difference-education condition experienced less stress and anxiety, better adjustment to college life, and more academic and social engagement than did participants in the standard condition (see Table 2).","p = .02",FALSE,NA
"0956797613518350","Positive thinking about the future in the inaugural addresses predicted declines in economic development in subsequent presidential tenures, β = -0.55, F(1, 19) = 8.32, p = .01 (Fig. 2). 1,2 As in Study 1, we also tested whether the reverse was true, that is, whether declines in economic development predicted positive thinking about the future.","p = .01 ",FALSE,NA
"0956797613518351","Releveling the model with the action condition as the baseline revealed no difference between the action and abstract-gesture conditions (β = 0.22, z = 0.41, p = .68), but a marginal difference between the action and concrete-gesture conditions (β = 0.92, z = 1.68, p = .09).","p = .68; p = .09",TRUE,"nonsig_sample"
"0956797613518351","We found a significant positive relation between the two measures only for children who had repeated the equalizer strategy while producing a concrete (r = .76, p < .001) or abstract (r = .64, p < .001) gesture during instruction, and not for children who had repeated the words while acting on the numbers (r = .25, p = .17). These results suggest that the children gleaned meaning from the words they were trained to say if they were required to produce gestures (but not actions) along with those words.","p < .001; p = .17",TRUE,"nonsig_sample"
"0956797613518351","We found no differences in the number of mismatchers across conditions, F(1, 2) = 0.73, p = .485, and no difference in the number of mismatching explanations across conditions, F(1, 2) = 1.533, p = .22. These results confirm the absence of preexisting differences among the conditions.","p = .485; p = .22",TRUE,"nonsig_sample"
"0956797613518352","Infants whose mothers received negative evaluation exhibited significantly higher HR reactivity during the interviews (ΔHR = 5.76, SD = 6.35) than did infants whose mothers were in the control condition (ΔHR = -3.95, SD = 10.72), t(58) = -3.24, p = .002. The HR reactivity of infants of mothers assigned to the positive-evaluation condition (ΔHR = 1.95, SD = 10.94) fell in between the HR reactivity of infants of mothers in the negative-evaluation condition, t(58) = -1.26, p = .21, and control condition, t(58) = -1.97, p = .05.","p = .002",FALSE,NA
"0956797613518352","The overall relationship between infants' HR reactivity and mothers' VC reactivity was positive and significantly different from zero, F(1, 908.64) = 17.21, p = .003, which indicated that, overall, there was covariation. 4 The interaction between infants' HR reactivity and evaluation condition was not significant, p = .54; however, the interaction of infants' HR reactivity, evaluation condition, and time was significant, F(2, 282.00) = 3.78, p = .02; change in covariation over time varied as a function of evaluation condition (Fig. 4).","p = .003",FALSE,NA
"0956797613518352","The Contrast 2 × Infants' HR Reactivity × Time interaction was marginally significant, t(317.37) = -1.65, p = .10, which indicated that the slope for the negative-evaluation condition differed marginally from the slope for the positiveevaluation condition. The slopes for the positive-evaluation and control conditions were not significantly different from each other, p =.35.","p = .10",FALSE,NA
"0956797613519110","That is, for the experimental group in Block III (random order), but not in Block II (ascending order) or in Block I (no category information), within-class differences were smaller than between-class differences, as indicated by significant within-subjects quadratic contrasts-intensity: F(1, 30) = 20.45, p < .001, ηp² = .405; unpleasantness: F(1, 30) = 14.33, p = .001, ηp² = .323. Furthermore, in the experimental group, assimilation effects in Block III relative to Blocks I and II were significant; that is, differences within A and within B were lower in Block III than in Blocks I and II (all ps < .023).","p < .001; p = .001",FALSE,NA
"0956797613519271","A 2 (avatar: heroic vs. villainous) × 2 (role: player vs. observer) ANOVA on the amount of chili sauce served yielded a significant main effect of avatar, F(1, 121) = 48.35, p < .001, ηp² = .29, and no effect of role, F(1, 121) < 1, p = .57. As predicted, villains administered a greater amount of hot chili sauce than heroes (see the Supplemental Material for further details).","p < .001; p = .57",TRUE,"nonsig_population"
"0956797613520015","Simple-slopes analyses showed that CAC scores in the actor-ambivalent/partner-ambivalent group were significantly higher than in the actor-ambivalent/partnersupportive group (p = .001) as well as marginally different from the actor-supportive/partner-ambivalent group (p = .07). No other simple-slopes analyses approached significance.","p = .001; p = .07",FALSE,NA
"0956797613520015","Our results were unchanged (p = .01), which suggests that there is something unique about the combination of helpfulness and upsettingness ratings in predicting CAC. Finally, we evaluated the possibility that our results were driven by traditional assessments of marital satisfaction.","p = .01",FALSE,NA
"0956797613520168","However, in the compatible condition, the anchoring influence of first offers was much weaker, β = 0.28, t(19) = 1.24 p = .23. First offers were stickier anchors in the distributive condition than in the compatible condition.","p = .23",FALSE,NA
"0956797613520168","Negotiators' SVO did not differ across experimental conditions, χ 2 (2, N = 90) = 0.26, p = .880, and our SVO data showed good internal consistency (α = .96).","p = .880",TRUE,"nonsig_sample"
"0956797613520168","Results in the distributive-issue condition were consistent with a first-mover advantage: Senders claimed significantly more value than they would have with a 50-50, equal agreement, t(29) = 2.40, p = .023. When senders revealed their compatible preference (i.e., in the compatible-issue and both-issues conditions), however, results were consistent with a first-mover disadvantage: Senders claimed significantly less value than they would have with a 50-50 agreement, t(59) = -2.71, p =.009.","p = .023",FALSE,NA
"0956797613520236","Among paired women (i.e., those in committed relationships), there was a significant effect (77.4% of low-fertility and 58.5% of high-fertility women preferred Obama), χ 2 (1, N = 221) = 9.11, p = .003, d =0.41.","p = .003",FALSE,NA
"0956797613520608","A main effect of video type also occurred, F(1, 19) = 33.56, p < .001, ηp² = .64; specifically, hit rates were lower for mouth actions than for hand actions. There was also a significant interaction between complexity level and video type, F(2, 38) = 36.79, p < .001, ηp² = .67, with hit rates for mouth actions being more dramatically reduced by increasing complexity than those for hand actions.","p < .001",FALSE,NA
"0956797614520714","Actual performance on the anagram task did not differ between conditions, t(127) = 0.23, p =.82.","p =.82",TRUE,"nonsig_sample"
"0956797614522068","However, when the stimuli were presented 50 ms after completion of a saccade, the distribution was subtly but significantly shifted in color space in the direction of the retinotopic distractor color (shift = 7.7°), t(15) = 3.12, p = .007. This shift was present only at the early-postsaccade delay: When stimuli were presented 500 ms after the saccade, the distribution was again centered around 0°, t(15) = 0.22, p = .828; a pairwise comparison confirmed that the retinotopic bias was significantly greater in the earlypostsaccade than in the later-postsaccade condition, t(15) = 2.25, p =.040.","p = .007",TRUE,"nonsig_sample"
"0956797614522068","This shift was present only at the early-postsaccade delay: When stimuli were presented 500 ms after the saccade, the distribution was again centered around 0°, t(15) = 0.22, p = .828; a pairwise comparison confirmed that the retinotopic bias was significantly greater in the earlypostsaccade than in the later-postsaccade condition, t(15) = 2.25, p =.040.","p = .828; p =.040",TRUE,"nonsig_sample"
"0956797614522816","We found a main effect of judgment on response time (RT); processing was faster in the basic condition (M = 2,305 ms) than in the subordinate condition (M = 3,253 ms), F(1, 26) = 9.277, p = .005, ηp² = .263. There was also a main effect of stimuli type, F(3, 78) = 12.910, p < .001, ηp² = .332 (Ms = 2,832, 2,709, 3,419, and 2,157 ms for classrooms, pools, restaurants, and roads, respectively), but no interaction between the two factors, F(3, 78) = 1.805, p = .153, ηp² = .065 (Table 1).","p = .005",TRUE,"nonsig_sample"
"0956797614522816","There was also a main effect of stimuli type, F(3, 78) = 12.910, p < .001, ηp² = .332 (Ms = 2,832, 2,709, 3,419, and 2,157 ms for classrooms, pools, restaurants, and roads, respectively), but no interaction between the two factors, F(3, 78) = 1.805, p = .153, ηp² = .065 (Table 1). The RT difference suggests that participants' ability to categorize a scene depends on the information needed for each level of specificity.","p < .001; p = .153",TRUE,"nonsig_population"
"0956797614522816","We found a main effect of judgment on fixation count, with more fixations made during subordinate categorizations (M = 9.72) than during basic categorizations (M = 5.40), F(1, 26) = 17.906, p < .001, ηp² = .408. There was also a main effect of stimuli type, F(3, 78) = 9.558, p < .001, ηp² = .269 (Ms = 7.76, 7.23, 9.36, and 5.89 for classrooms, pools, restaurants, and roads, respectively), but no interaction, F(3, 78) = 1.201, p = .315, ηp² = .044 (Table 1).","p < .001",TRUE,"nonsig_sample"
"0956797614522816","There was a main effect of judgment, F(1, 26) = 5.720, p = .024, ηp² = .180, with basic categorizations having longer saccade latencies (M = 421 ms) than subordinate categorizations (M = 352 ms), but no effect of stimuli type or interaction with judgment (Fs < 1; Table 1). Thus, even within the first approximately 350 ms of scene onset, when the exact same visual image was available (the full-resolution window did not appear until after the first saccade), the respective information demands affected category processing.","p = .024",TRUE,"nonsig_population"
"0956797614522816","There was no interaction, F(3, 78) = 1.444, p = .237, ηp² = .053. These results demonstrate that participants' initial and subsequent fixation durations differed depending on the categorization being made, a finding that supports different ongoing processes.","p = .237",TRUE,"nonsig_sample"
"0956797614522816","For the sake of completeness, there was no main effect of judgment, F(1, 22) = 2.163, p = .156, ηp² = .090, though there was an effect of stimuli type, F(3, 66) = 4.342, p = .007, ηp² = .165 (Ms = 3.88°, 3.47°, 3.87°, and 3.52° for classrooms, pools, restaurants, and roads, respectively) as well as of ordinal fixation, F(2.286, 50.288) = 42.240, p < .001, ηp² = .658 (Ms = 2.55°, 3.28°, 3.86°, 4.26°, and 4.48° from the center for Fixations 1 through 5, respectively). There was no interaction between stimuli type and ordinal count (F < 1), no interaction between judgment and stimuli type, F(3, 66) = 2.012, p = .121, ηp² = .084, and no three-way interaction (F < 1).","p = .156; p = .007; p < .001",TRUE,"nonsig_sample"
"0956797614522816","There was no interaction between stimuli type and ordinal count (F < 1), no interaction between judgment and stimuli type, F(3, 66) = 2.012, p = .121, ηp² = .084, and no three-way interaction (F < 1).","p = .121",TRUE,"nonsig_sample"
"0956797614522816","There was no interaction, F(3, 78) = 1.276, p = .288, ηp² = .047. No main effect of saccade amplitude on judgment appeared, F(1, 26) = 1.122, p = .299, ηp² = .041, but there was an effect of stimuli type, F(3, 78) = 20.836, p < .001, ηp² = .445 (Ms = 4.06°, 3.33°, 4.31°, and 3.44° for classrooms, pools, restaurants, and roads, respectively), and an interaction, F(3, 78) = 4.869, p = .004, ηp² = .158, with restaurants having a trend for longer saccades during subordinate categorizations (M = 4.62°) than during basic categorizations (M = 3.99°), t(26) = 1.735, p = .094.","p = .288",TRUE,"nonsig_sample"
"0956797614524255","Training improved Year 1 Brier scores, F(2, 1586) = 14.29, p < .001. Probability training was more effective than scenario training, t(1053) = 2.23, p = .026, and scenario training was more effective than no training, t(1056) = 3.25, p < .001.","p < .001",FALSE,NA
"0956797614524255","In addition to showing a main effect of group influence, Year 2 data showed an interaction between training and group influence, F(1, 882) = 5.78, p = .018. Predictions of untrained, independent forecasters were much less accurate than predictions of all other forecasters.","p = .018",FALSE,NA
"0956797614524255","For Year 1, probability training, scenario training, crowdbelief forecasting, and team forecasting remained significant predictors, t(1588) = -4.58, p < .001; t(1588) = 2.70, p < .001; t(1588) = -6.72, p < .001; and t(1588) = -10.99, p < .001, respectively. For Year 2, probability training and team forecasting again remained significant predictors, t(883) = -3.38, p < .001, and t(883) = -7.03, p < .001, respectively.","p < .001",FALSE,NA
"0956797614524255","This measure varied with group influence in Years 1 and 2, F(2, 1583) = 10.48, p < .001, and F(1, 882) = 17.66, p < .001, respectively. Teams attempted fewer questions than individuals (or crowd-belief forecasters in Year 1).","p < .001",FALSE,NA
"0956797614524255","Superforecasters were better calibrated than forecasters who had received probability training and were working on regular teams, t(293) = 11.03, p < .001. Figure 2 shows calibration curves for binary questions in the three training conditions in Year 1, and Figure 3 shows calibration curves for binary questions in the two training conditions and the superforecaster condition in Year 2.","p < .001",FALSE,NA
"0956797614524421","Truthful statements were accurately detected at a rate greater than chance (M = 62.63%, SD = 22.66), t(65) = 4.53, p < .001. The detection of lies (M = 36.62%, SD = 17.59), however, was significantly below chance, t(65) = -6.18, p <.001.","p < .001",FALSE,NA
"0956797614524581","Again, participants in the longhandstudy condition (z-score M = 0.68) outperformed the other participants (z-score Ms = -0.09, -0.28, -0.34), t(105) = 4.50, p < .001, d = 0.88. Among students who had the opportunity to study, longhand note takers did significantly better than laptop note takers, t(53) = 2.77, p =.008.","p < .001",FALSE,NA
"0956797614524581","Among students who had the opportunity to study, longhand note takers did significantly better than laptop note takers, t(53) = 2.77, p =.008.","p =.008",FALSE,NA
"0956797614524581","Participants who took laptop or longhand notes but who did not have the opportunity to study did not score significantly differently on either factual, t(52) = 0.26, p = .795, d = 0.07, or conceptual, t(52) = 0.77, p = .442, d = 0.21, questions. -0.6 -0.4 -0.2 0 0.2 0.4 0.6 0.8 1 Total F actual Conceptual Laptop-Study Longhand-Study Laptop-No Study Longhand-No Study Performance (z score)","p = .795; p = .442",FALSE,NA
"0956797614524581","5 Which lecture participants saw also affected performance on conceptual-application questions, F(4, 4) = 7.11, p = .042, ηp² = .88; however, there was no significant interaction between lecture and note-taking medium, F(4, 55) = 0.259, p = .90. There was no significant difference in performance on factual questions across lectures, F(4, 4) = 1.57, p =.33.","p = .042; p = .90",FALSE,NA
"0956797614524581","Overall, participants who took more notes performed better, β = 0.34, p = .023, partial R² = .08. However, those whose notes had less verbatim overlap with the lecture also performed better, β = -0.43, p = .005, partial R² = .12.","p = .023",FALSE,NA
"0956797614524581","Scores for laptop-intervention participants (z-score M = -0.11, SD = 1.02) did not significantly differ from those for either laptop-nonintervention (p = .91) or longhand (p = .29) participants. The pattern of data for factual questions was similar, though the differences were not significant (longhand: z-score M = 0.025, SD = 0.97; laptop intervention: z-score M = 0.063, SD = 1.05; laptop nonintervention: z-score M = -0.089, SD = 0.99), F(1, 4.54) = 4.08, p = .11 (see Fig. 4).","p = .91; p = .29",FALSE,NA
"0956797614525213","Neither the main effect of block, F(2, 70) = 2.12, p = .13, ηp² = .06, nor the interaction of phase and block, F(2, 70) = 0.38, p = .69, ηp² = .01, proved reliable.","p = .13; p = .69",FALSE,NA
"0956797614525642","A repeated measures 3 (block: 1-3; within subjects) × 2 (group: intervention, control; between subjects) analysis of variance revealed a marginal effect of group on reducing aggression (control: M = 21.25, SE = 2.55; intervention: M = 14.55, SE = 2.31), F(1, 57) = 3.89, p = .053, ηp² = .064. The group-by-block interaction and cell contrasts were significant, F(2, 114) = 4.312, p = .016, ηp² = .070, which indicates that the intervention group displayed less reactive aggression than the control group in Blocks 2 (p < .05) and 3 (p < .05; see Fig. 2).","p = .053",FALSE,NA
"0956797614525969","If one instead used 99% CIs, would positive results for 12 of the 15 predictions be enough to support the theory? This arbitrariness arises because CIs offer no principled method for generating an inference regarding the theory.","99% CI",FALSE,NA
"0956797614526260","All correlations were significant (p < .05). Reliabilities (Cronbach's α) are shown on the diagonal in boldface.","p < .05",FALSE,NA
"0956797614526260","The genetic model (Cholesky decomposition) is shown in Figure 2, χ 2 (201) = 221.27, p = .151, RMSEA = .025, in which common additive genetic (A Com ) and nonshared-environmental influences (E Com ) predict variation in all three traits. The model also includes the genetic and environmental factors that are shared only between procrastination and impulsivity (A P&I and E P&I ) and those specific to only procrastination (A Proc and E Proc ).","p = .151",FALSE,NA
"0956797614527113","As shown in Table 3, participants in the status-threat condition supported conservative positions more than did participants in the control condition, F(1, 161) = 6.94, p = .009, ηp² = .04. In addition, participants in the status-threat condition reported more support for conservative policy positions than did participants in the assuaged-threat condition, F(1, 161) = 7.63, p = .006, ηp² = .05.","p = .009",FALSE,NA
"0956797614527113","In addition, participants in the status-threat condition reported more support for conservative policy positions than did participants in the assuaged-threat condition, F(1, 161) = 7.63, p = .006, ηp² = .05. Conservative-policy endorsement did not differ between the control and assuaged-threat conditions, F(1, 161) < 1, p = .969.","p = .006",TRUE,"nonsig_sample"
"0956797614527113","Across policy types, in other words, participants in the status-threat condition endorsed conservative positions more than did participants in both the control condition, F(1, 161) = 7.12, p = .008, ηp² = .04, and the assuaged-threat condition, F(1, 161) = 7.91, p = .006, ηp² = .05. Participants in the control and assuaged-threat conditions did not differ, F(1, 161) < 1, p =.979.","p = .008; p = .006",TRUE,"nonsig_sample"
"0956797614527113","Participants in the control and assuaged-threat conditions did not differ, F(1, 160) < 1, p =.511.","p =.511",TRUE,"nonsig_sample"
"0956797614527113","Excluding the prison item from analyses did not alter findings in Study 3a, but reduced the effect of condition on policy endorsement in Study 3b (p = .089).","p = .089",FALSE,NA
"0956797614528521","There was also a main effect of spatial variation, F(1, 38) = 4.40, p = .04, ηp² = .10. Infants looked longer at height stimuli than at thickness stimuli, which perhaps suggests that height was more salient.","p = .04",FALSE,NA
"0956797614528521","However, there was no interaction between spatial variation and congruency, F(1, 38) = 0.03, p = .86, ηp² = .00, and thus no indication that looking-time congruency effects differed between tasks. The reduction in looking time on incongruent trials was comparable in the two tasks (i.e., 18% for the height-pitch task and 20% for the thickness-pitch task).","p = .86",TRUE,"nonsig_sample"
"0956797614529797","There were no differences in detection rate between manipulated trials in which ""gray"" was replaced by ""green"" and in which ""green"" was replaced by ""gray,"" χ 2 (1, N = 155) = 0.002, p = .96, so we present results for a combined measure.","p = .96",TRUE,"nonsig_sample"
"0956797614529978","In Experiment 2, the baseline F1 frequency of subjects averaged 729 Hz, and there was again no difference in baseline F1 frequency between the two groups, t(18) = 0.07, p > .9. The signal processor increased baseline F1 frequency by approximately 26%, for a total F1 increase of 186 Hz (SD = 21 Hz).","p > .9",TRUE,"nonsig_sample"
"0956797614529978","Nine days after perceptual training, there were still differences between the two groups' perceptual boundaries (Fig. 4b, p < .01 for both perceptual tests). But only the head-shift group maintained a boundary change that differed from baseline (p < .05).","p < .01 ",FALSE,NA
"0956797614529978","After perceptual training, there was no difference between the groups in baseline F1 frequency (p > .3), and we observed the same effect of perceptual training on motor learning even after normalizing the data to posttraining baseline production (p < .05). For the headshift group, perceptual training caused a +0.2% change in baseline F1 frequency (p > .5); for the had-shift group, perceptual training caused a +1.7% change in baseline F1 frequency (p > .08).","p > .3; p < .05",TRUE,"nonsig_sample"
"0956797614529978","For the headshift group, perceptual training caused a +0.2% change in baseline F1 frequency (p > .5); for the had-shift group, perceptual training caused a +1.7% change in baseline F1 frequency (p > .08). The results of Experiment 2 show that perceptual training altered speech motor learning 2 days later without significantly altering unperturbed speech.","p > .5; p > .08",FALSE,NA
"0956797614529979","Simple paired comparisons also confirmed that the discount factor of participants in the grateful condition differed from that of participants in the neutral (p = .05) and happy (p = .08) conditions. 4.","p = .05; p = .08",FALSE,NA
"0956797614530570","inflammatory markers, the model showed similar fit, χ 2 (5, N = 389) = 15.02, p = .01, CFI = .94, RMSEA = .07 (90% CI = [.03, .12]), SRMR = .04, and identical patterns of significance. Early adversity strongly predicted depressive symptoms at age 20, in addition to cigarette use and BMI.","p = .01; 90% CI",FALSE,NA
"0956797614531023","The contingency of adults' responses on the speech relatedness of children's vocalizations increased with children's age, β = 0.111, p = .009, and with maternal education (Fig. 4), β = 0.208, p < .001. There were no statistically significant relationships between age or maternal education and the contingency of children's vocalization type on whether their previous speechrelated vocalization had received response (Fig. 4).","p = .009; p < .001",FALSE,NA
"0956797614531027","At the same time, proposers' offers in the key condition (angry expression, 70% demand) were greater in Experiment 1 than in Experiment 2, t(174) = 3.42, p < .001. This indicates, as expected, that angry threats were most effective when issued by a specific partner, even though the connection to a specific partner was not required.","p < .001",FALSE,NA
"0956797614531148","There was also a significant interaction between sentence type and display condition (b = -1.65, z = 2.20, p = .03); the effect of sentence type (more regressions in ambiguous sentences than in unambiguous sentences) was smaller in the trailing-mask condition than in the normal-reading condition (see Fig. 5). These data suggest that, although subjects were sensitive to ambiguity in the sentences (i.e., they made regressions more often in ambiguous sentences than in unambiguous sentences when reading normally), they were able to suppress this tendency to reread when they knew that regressions would be useless (i.e., in the trailing-mask condition).","p = .03",FALSE,NA
"0956797614531148","In contrast, comprehension was significantly poorer when subjects did not make a regression in the trailing-mask condition (M = 71%), compared with when they chose not to make a regression during normal reading (b = -0.75, z = 4.03, p < .001). Neither the main effect of sentence type nor any of its interactions were significant (all ps > .26).","p < .001",FALSE,NA
"0956797614531295","Multiple linear regression was performed to test for significant associations (at p < .05) between mean fixation duration in infancy and effortful control, surgency, and hyperactivity-inattention in childhood. The effects of age when the child took part in the eyetracking study and age of the child when the parents completed the questionnaires, which version of the questionnaire was used (the ECBQ and the RRPSPC or the CBQ and the SDQ), the child's sex, and total number of trials completed and fixations detected in the eyetracking study were treated as covariates in the regression analysis in order to investigate to what degree variation in fixation duration in infancy accounted for variation in scores on effortful control, surgency, and hyperactivity-inattention in childhood.","p < .05",FALSE,NA
"0956797614531439","Simple-effects analysis revealed that in the out-group-threat condition, participants who were primed for caregiving salience showed significantly higher levels of out-group bias (M = 0.851, SD = 0.528) than did the no-caregiving-salience group (M = 0.654, SD = 0.488), F(1, 282), p = .027, Cohen's d = 0.387. In the natural-threat condition, there was no difference between participants in the caregiving-salience (M = 0.703, SD = 0.594) and no-caregiving-salience (M = 0.773, SD = 0.583) groups, F < 1.","p = .027",TRUE,"nonsig_sample"
"0956797614531439","Simple-effects analysis revealed that in the out-groupthreat condition, participants who were primed for caregiving salience showed significantly higher levels of out-group bias (M = 0.493, SD = 0.807) than did those primed with no caregiving salience (M = 0.346, SD = 0.449), F(1, 434) = 6.535, p = .010, Cohen's d = 0.225. In the natural-threat condition, there was no difference between participants in the caregiving-salience (M = 0.378, SD = 0.519) and no-caregiving-salience (M = 0.422, SD = 0.494) groups, F < 1.","p = .010",TRUE,"nonsig_sample"
"0956797614531439","Simple-effects analysis revealed that in the outgroup-threat condition, caregiving-salience participants showed significantly higher levels of out-group bias (least squares mean, LSM = 2.486, SD = 0.545) than did no-caregiving-salience participants (LSM = 2.168, SD = 0.556), F(1, 114) = 4.617, p = .014, Cohen's d = 0.577. In the no-threat condition, participants who were primed for caregiving salience showed significantly lower levels of out-group bias (LSM = 2.309, SD = 0.548) than did participants in the no-caregiving-salience condition (LSM = 2.627, SD = 0.546), F(1, 114) = 5.471, p = .021, Cohen's d = 0.581.","p = .014",FALSE,NA
"0956797614531439","In the no-threat condition, participants who were primed for caregiving salience showed significantly lower levels of out-group bias (LSM = 2.309, SD = 0.548) than did participants in the no-caregiving-salience condition (LSM = 2.627, SD = 0.546), F(1, 114) = 5.471, p = .021, Cohen's d = 0.581. No further effects attained significance.","p = .021",FALSE,NA
"0956797614531492","Individuals with higher NAcc activity in response to appetitive food images during fMRI scanning experienced more intense food desires, b = 0.27, p = .003. Additionally, participants who reported being more sensitive to external food cues tended to have stronger desires, b = 0.05, p = .023.","p = .003",FALSE,NA
"0956797614531492","IFG activity weakened the relationship between desire strength and amount eaten, b = -0.19, p = .012, such that those individuals with higher IFG activity ate less when faced with temptations to eat (i.e., experienced desire). Note that NAcc activity had consistent effects on the outcome measures across all three models described here (see Fig. 2 for a depiction of these effects).","p = .012",FALSE,NA
"0956797614531550","However a test of independence of gender with the experimental conditions shows that this is not the case (p < 0.001). In a response, Smeesters acknowledged this observation.","p < 0.001",FALSE,NA
"0956797614531602","This analysis revealed that unforgiven scenarios were perceived as more serious (M = 6.57, SD = 0.32) than forgiven scenarios (M = 4.03, SD = 0.85), F(1, 118) = 491.23, p < .01, d = 3.96. Furthermore, participants were more motivated to forgive the transgressor for scenarios that had been forgiven (M = 2.92, SD = 0.76) than unforgiven (M = 5.84, SD = 0.76), F(1, 118) = 417.62, p < .01, d = 3.84.","p < .01",FALSE,NA
"0956797614531602","Furthermore, participants were more motivated to forgive the transgressor for scenarios that had been forgiven (M = 2.92, SD = 0.76) than unforgiven (M = 5.84, SD = 0.76), F(1, 118) = 417.62, p < .01, d = 3.84. For analyses of other items on the forgiveness questionnaire, see the Supplemental Material available online.","p < .01",FALSE,NA
"0956797614532104","For the 1-day group, the rating change between the peers-lower and peers-higher conditions was significant, t(17) = -2.56, p = .021; participants rated faces in the peers-higher condition as more attractive than faces in the peers-lower condition (Fig. 3a). The rating change was also significant for the 3-day group, t(15) = -2.35, p = .033 (Fig. 3b), but not for the 7-day group, t(16) = -1.22, p = .238 (Fig. 3c) Regression analyses showed that when conflict with the norm was the only independent variable, it significantly predicted rating change after 1, 3, and 7 days (ps < .001).","p = .021",FALSE,NA
"0956797614532295","The two items targeting sexual satisfaction were key in the study by Garver-Apgar et al., and responses to them differed significantly between OC users and nonusers in our own previous work (Roberts et al., 2012); in the current sample, responses to the two items were highly correlated, r(360) = .741, p < .0001. Responses to the two items targeting nonsexual satisfaction were the ones that differed most between OC users and nonusers in our previous study.","p < .0001",FALSE,NA
"0956797614532295","In contrast, men's sexual satisfaction scores did not differ significantly from their nonsexual satisfaction scores in either the noncongruent group, t(187) = -0.99, p = .320, or the congruent group, t(176) = -0.33, p = .740. Furthermore, although women in the congruent group reported higher sexual satisfaction scores than men in that group, t(176) = 3.60, p < .001, this difference was not significant in the noncongruent group, t(187) = 1.82, p = .070.","p = .320; p = .740",FALSE,NA
"0956797614532295","There was no significant main effect of current OC use, F(1, 261) = 0.01, p = .932, or of previous OC use, F(1, 261) = 0.43, p = .515, on women's sexual satisfaction. However, as predicted by the congruency hypothesis, the interaction between previous and current OC use had a significant effect on women's sexual satisfaction with their partners, F(1, 261) = 4.58, p = .033, ηp² = .017.","p = .932; p = .515",FALSE,NA
"0956797614532474","The average chi-square value across individuals in the five scenarios ranged from 17.34, p < .001, to 25.84, p < .001. In summary, although the images of the target individuals were not taken with any specific social goal in mind, the natural variations in the images produced consistent preferences that favored some images over others.","p < .001",FALSE,NA
"0956797614532656","In Experiment 1, WMC was the same when participants estimated the color diversity of the cued row (M = 3.29) or of the noncued row (M = 3.32), t(11) = -0.2, p = .81, and also did not vary between congruent and incongruent colordiversity relations of the cued and the noncued rows (see Fig. S5 in Supplemental Method and Results). The only condition in which we obtained a reduction in WMC for the letter task was the reverse-instructions condition in Experiment 2 (M = 2.47, compared with letters only: M = 2.94), t(8) = 2.63, p = .03, Cohen's d = 0.88.","p = .81",TRUE,"nonsig_sample"
"0956797614533571","There was only a main effect of test-trial type, F(1, 55) = 5.10, p = .028, ηp² = .085, which shows that the novelty response was comparable across experiments. As predicted, total habituation time was positively correlated with the size of the novelty score (listening time on novel test trials minus listening time on familiar test trials; r² = .460, p = .014).","p = .028",FALSE,NA
"0956797614533571","The asterisk indicates a significant difference between trial types (p < .05).","p < .05",FALSE,NA
"0956797614533705","1.6: β = 0.91, z = 3.60, p < .0005).","p < .0005",FALSE,NA
"0956797614533801","In the sparse-classroom condition, the children spent only 3.21% of instructional time engaged in environmental distractions, whereas in the decoratedclassroom condition, they spent 20.56% of instructional time engaged in environmental distractions; this difference was significant, paired-sample t(22) = 8.78, p < .0001, and the effect was large, Cohen's d = -2.60. In contrast, the children spent significantly more time engaging in self-distraction and peer distraction in the sparse classroom than they did in the decorated classroom, both paired-sample ts(22) > 2.75, ps < .012 (Fig. 3).","p < .0001",FALSE,NA
"0956797614533968","Daughters reported aspiring toward more stereotypical future occupations to the degree that their fathers (a) explicitly endorsed a more traditional division of household tasks, β = 0.43, p = .003, (b) had stronger implicit associations of women with home and men with work, β = 0.30, p = .016, and (c) reported contributing less to household tasks and child care, β = -0.41, p = .017. Supplemental analyses revealed that when all three interaction terms were tested simultaneously, the interactions between child gender and fathers' implicit gender-role associations, β interaction = 0.30, p = .017, and between child gender and fathers' domestic contribution, β interaction = -0.24, p = .040, remained significant in predicting more stereotypical occupational aspirations for girls but not for boys.","p = .003; p = .016; p = .017",FALSE,NA
"0956797614533968","The interaction between child gender and fathers' explicit gender-role beliefs decreased in magnitude and became nonsignificant, β interaction = 0.12, p = .33, which suggests that fathers' implicit associations and behaviors directly predicted daughters' preferences, over and above their explicitly -5 0 5 10 15 20 25 30 35 Low High Children's Explicit Self-Stereotyping Fathers' Explicit Gender-Role Beliefs Boys Girls Fig 2.","p = .33",TRUE,"nonsig_population"
"0956797614534268","More important, we observed the predicted significant effect of condition on end enjoyment; participants in the reset condition reported significantly higher end enjoyment (M = 70.96, SD = 19.58) than did participants in the control condition (M = 55.85, SD = 28.94), F(1, 59) = 5.39, p =.02.","p =.02",FALSE,NA
"0956797614534268","An ANOVA revealed that recall error was larger in the serial-ratings condition than in the simultaneous-ratings condition, F(1, 82) = 16.75, p < .001 (Table 2). The squared recall error revealed the same main effect of condition, F(1, 82) = 11.96, p < .01 (Table 2).","p < .001 ",FALSE,NA
"0956797614534268","To assess whether memory interference occurred for participants in the control condition, we relied solely on ratings of recalled initial enjoyment, which differed by condition, F(2, 125) = 3.28, p = .04. Planned contrasts revealed a significant difference between the simultaneous-ratings and control conditions, t(125) = 2.05, p = .04, but no difference between the serial-ratings and control conditions, t < 1 (Table 2).","p = .04",TRUE,"nonsig_sample"
"0956797614534268","The numbers along the arrows are regression coefficients for the effects of portion size on the interconsumption interval (ICI) via end and beginning enjoyment; asterisks indicate significant effects (p < .05). Also shown are the 95% confidence intervals (CIs) for the mediation effects.","p < .05",FALSE,NA
"0956797614534268","The numbers along the arrows are regression coefficients for the effects of portion size on the interconsumption interval (ICI) via end and beginning enjoyment; asterisks indicate significant effects (p < .05). Also shown are the 95% confidence intervals (CIs) for the mediation effects.","p < .05",FALSE,NA
"0956797614534268","The difference in the indirect effects was not significant when we compared the control and end-recall conditions, 95% CI = [-3.53, 7.78], but was significant when we compared the control and beginning-recall conditions, 95% CI = [-7.37, -0.97], as well as the endrecall and beginning-recall conditions, 95% CI = [-11.21, -1.07]. Thus, participants in the control condition appeared to exhibit a recency effect, preferentially recalling the end rather than the beginning of their most recent consumption experience.","95% CI; [-3.53, 7.78]; [-7.37, -0.97]; [-11.21, -1.07]",FALSE,NA
"0956797614534268","Portion Size Portion Size (0 = Small,1 = Large) End Enjoyment 95% CI: [1.23, 11.03] Beginning Enjoyment 95% CI: [-2.02, 1.07] ICI -0.70* -0.05 -0.52* 0.16 Fig 2. Results of the moderated mediation analysis for the end-recall condition in Experiment 1.","95% CI; [1.23, 11.03]; [-2.02, 1.07]",FALSE,NA
"0956797614534268","The specific indirect effect of portion size on ICI through end enjoyment was statistically significant, as its 95% CI did not contain zero, whereas the specific indirect effect of portion size through beginning enjoyment was not statistically significant, as its 95% CI did contain zero (Fig. 4).","95% CI",FALSE,NA
"0956797614534450","In Step 2, we added the Moral Identity × Binding Foundations interaction term to the model, which again accounted for a significant proportion of the variance in condemnation of torture, R² = .27, F(10, 333) = 12.53, p < .001. As predicted, the interaction term was statistically significant, b = 0.06, p = .01, f² = .02.","p < .001",FALSE,NA
"0956797614534450","The simple-slopes analysis (Aiken & West, 1991), depicted in Figure 2, again revealed that among people with low moral-identity scores (i.e., 1 SD below the mean), high binding-foundations scores (i.e., 1 SD above the mean) were associated with less condemnation of torture compared with low binding-foundations scores (i.e., 1 SD below the mean), b = -0.54, t(339) = -7.23, p < .001. This negative effect was attenuated among people with high moral-identity scores (i.e., 1 SD above the mean), b = -0.35, t(339) = -5.52, p < .001.","p < .001",FALSE,NA
"0956797614534693","This task has been previously validated by Vohs and Schooler (2008), and testing the manipulation in an independent sample revealed that the passages led to the expected differences in free-will beliefs, as measured by a single item (see Methodological Details and Materials in the Supplemental Material), t(205) = 2.55, p =.01.","p =.01",FALSE,NA
"0956797614534693","As in Study 2, pretesting with an independent sample revealed that the neuroscience passages led to lower free-will beliefs than did the neutral science passages, t(198) = 2.35, p = .02. This confirms that relative to other scientific descriptions, descriptions of scientific research promoting a mechanistic view of human behavior diminish belief in free will.","p = .02",FALSE,NA
"0956797614534694","There was not a significant interaction between the factors, F(1, 99) = 0.55, p =.46.","p =.46",FALSE,NA
"0956797614534695","The majority of younger Spaniards (88%) responded according to the future-in-front mapping (p = .001; Fig. 3). By contrast, about half of the older Spaniards (54%) responded according to the past-in-front mapping, placing the future event in the box behind the character and the past event in the box ahead of him (p = .49).","p = .001",FALSE,NA
"0956797614535401","Both groups exhibited successful conditioning as revealed by greater SCRs to the CS+ than to the CS-: typical-CS+ group-t(18) = 6.63, p < .001; atypical-CS+ groupt(17) = 4.12, p = .001. There were no differences between groups in mean SCRs to the CS+ (p = .26) or CS-(p = .21).","p < .001; p = .001",TRUE,"nonsig_sample"
"0956797614535810","Predictability of the task environment was also a statistically significant moderator, Q(1) = 11.32, b = 0.12, T2 = .05, p < .001. As hypothesized, the percentage of variance in performance explained by deliberate practice was largest (23%) for activities high in predictability (r -= .48), intermediate (14%) for activities moderate in predictability (r -= .37), and smallest (6%) for activities low in predictability (r -= .25; see also Fig. S1 in the Supplemental Method and Results in the Supplemental Material).","p < .001",FALSE,NA
"0956797614535810","Furthermore, (games: 26%, music: 21%, sports: 19%, and education: 4%, all ps < .001; professions: < 1%, p = .62).","p = .62",FALSE,NA
"0956797614535937","More important, scores were higher in the sleep group (69% correct) than in the wake group (56% correct; β = 1.11, SE = 0.53, z = 2.08, p = .038). In fact, only the sleep group showed familiarity with the constraints learned during the experiment and an ability to generalize those constraints, as assessed by comparisons with chance for the both-unfamiliar items (sleep group: β = 0.43, SE = 0.17, z = 2.59, p = .0096; wake group: β = 0.09, SE = 0.15, z = 0.61, p = .54).","p = .038",TRUE,"nonsig_sample"
"0956797614535937","When logistic regression interactions with other stages were examined in a post hoc analysis, unexpected effects in the opposite direction were found for REM sleep duration and overall sleep period, perhaps partly because SWS and REM sleep durations were themselves negatively correlated (r = -.51, p = .026). However, a regression equation that included all the three-way interactions with sleep parameters left only the beta value for SWS duration as a significant independent predictor (β = 0.05, SE = 0.03, z = 2.15, p = .03).","p = .026",FALSE,NA
"0956797614536401","The model showed that only age group was a unique significant predictor of children's peeking behavior, b = 0.028, SE = 0.009, Wald(1) = 9.64, odds ratio = 1.03 (95% confidence interval = [1.010, 1.046]), p = .002. As shown in Table 1, most children peeked at the toy, but with age, the percentage of children who peeked decreased.","p = .002; 95% confidence interval; [1.010, 1.046]",FALSE,NA
"0956797614536401","The model showed that only condition was a unique significant predictor of peekers' lying behavior, Wald(3) = 11.43, p = .01. An a priori contrast with ""The Tortoise and the Hare"" story as the reference (Fig. 1) showed that significantly fewer participants lied about peeking in the ""George Washington and the Cherry Tree"" condition compared with the control condition, b = 1.14, SE = 0.40, Wald(1) = 7.98, odds ratio = 3.13 (95% confidence interval = [1.42, 6.92]), p = .005.","p = .01",FALSE,NA
"0956797614536401","An a priori contrast with ""The Tortoise and the Hare"" story as the reference (Fig. 1) showed that significantly fewer participants lied about peeking in the ""George Washington and the Cherry Tree"" condition compared with the control condition, b = 1.14, SE = 0.40, Wald(1) = 7.98, odds ratio = 3.13 (95% confidence interval = [1.42, 6.92]), p = .005. Specifically, the children who heard the ""George Washington"" story were more than three times less likely to lie about peeking at the toy compared with the children who heard ""The Tortoise and the Hare.""","p = .005; 95% confidence interval; [1.42, 6.92]",FALSE,NA
"0956797614536402","We found a significant interaction between condition and object when the hand or claw was reaching for the target, F(1, 19) = 8.42, p = .009, η² = .30. We also found a main effect of species, F(2, 19) = 3.87, p = .039, η² = .29.","p = .009",FALSE,"nonsig_population"
"0956797614536402","Unlike in the reaching phase, there was no interactive effect of condition and object on viewing time during the grasping phase, F(1, 19) = 1.17, p = .29, η² = .058. The main effect of condition was also not significant, F(1, 19) = 1.09, p = .30, η² = .055.","p = .29",TRUE,"nonsig_sample"
"0956797614536739","Congruency between the WM sample and color patch affected both the speed, F(2, 82) = 12.81, p < .001, ηp² = .24, and accuracy, F(2, 82) = 3.65, p < .05, ηp² = .08, of WM-probe responses. Mirroring the RT pattern for the color-judgment portion of the task, probe responses were slower (and less accurate) when the WM sample was semantically incongruent with the color patch and slowest (and least accurate) when both the stimulus and corresponding response were incongruent.","p < .001; p < .05",FALSE,NA
"0956797614536739","Also as in the earlier experiments, trial congruency had a greater impact on the classic Stroop task than on the WM Stroop task, F(1, 88) = 6.9, p < .01, ηp² = .07. The percentage-congruency manipulation, however, did not affect task accuracy, nor did it modulate the effect of congruency on accuracy (all other ps > .1, all ηp² s < .05).","p < .01",TRUE,"nonsig_sample"
"0956797614536740","Although the nil null hypothesis of chance accuracy could be rejected with confidence (p < .0001), 54% accuracy is unimpressive on its face and is understood as evidence of human fallibility in lie detection.","p < .0001",FALSE,NA
"0956797614537280","The linear and curvilinear effects of talent remained significant after we removed 11 outliers (b = 5.61, SE = 0.43, p < .001, and b = -5.26, SE = 0.65, p < .001). Study 3: Talent, Coordination, and Performance in the NBA","p < .001",FALSE,NA
"0956797614537833","CI = confidence interval. *p < .05. **p <.01.","p < .05; p <.01",FALSE,NA
"0956797614538065","5.7%), χ 2 (1, N = 446) = 4.69, p =.030.","p =.030",FALSE,NA
"0956797614538065","Error bars indicate 95% confidence intervals.","95% confidence interval",FALSE,NA
"0956797614538458","We found that children generally bet appropriately: They placed highrisk bets more often on trials on which they responded correctly than on trials on which they responded incorrectly, and this was true in both the number task, t(88) = 4.08, p < .001, and the emotion task, t(88) = 3.76, p < .001 (Fig. 2). In addition, the proportion of high-risk bets decreased as difficulty increased, as evidenced by a main effect of difficulty across the easy, medium, and hard conditions in the two tasks, F(2, 42) = 30.30, p < .001 (Fig. 3).","p < .001; p < .001 ",FALSE,NA
"0956797614538978","Test statistics showed that peer effects were significant even after controlling for disability status (coefficient = 0.52, p < .001) and that the effect of peers' skill level depended on disability status (coefficient = 0.18, p = .01).","p < .001; p = .01",FALSE,NA
"0956797614538978","For example, among children whose classmates had relatively low language skills (mean classroom language score of 65), the difference between the predicted spring language scores of children with and without IEPs was large, mean difference = 5.86, t(584) = 5.15, p < .001. This difference was much smaller for children whose classmates had relatively high language skills (mean classroom score of 85), mean difference = 2.35, t(584) = 2.30, p = .02.","p < .001",FALSE,NA
"0956797614538978","Asterisks indicate that the difference in spring language scores between children with an IEP and children without an IEP is significantly different from zero (p < .05).","p < .05",FALSE,NA
"0956797614539165","However, no main effect of SK condition, χ 2 (1, N = 719) = 0.1, p = .75, or of choice-set size, χ 2 (1, N = 719) = 0.01, p = .99, was found.","p = .75; p = .99",FALSE,NA
"0956797614539165","The choice set was perceived as smaller in the small-set-size condition (M = 3.39) than in the large-setsize condition (M = 4.45), t(141) = -4.4, p <.0001.","p <.0001",FALSE,NA
"0956797614539165","Specifically, there was a significant SK Condition × Choice-Set Size interaction, F(1, 141) = 18.5, p < .0001: In the low-subjective-knowledge condition, participants rated their absolute subjective knowledge higher when the choice set was large (M = 5.62) than when it was small (M = 4.61; Fig. 4), F(1, 141) = 7.7, p = .006. Conversely, in the high-subjective knowledge condition, participants rated their absolute subjective knowledge lower when the choice set was large (M = 2.93) than when it was small (M = 4.17), F(1, 141) = 10.9, p = .001.","p < .0001; p = .006",FALSE,NA
"0956797614539165","SK condition and feature did not have significant interactive effect on informativeness ratings, F(8, 624) = 0.7, p = .72. In addition, actual knowledge did not correlate with subjective knowledge ratings or with informativeness ratings of any of the selected features (ps < .05).","p = .72",NA,NA
"0956797614539706","The significant main effect of visual area of interest, F(1, 19) = 18.59, p < .001, η² = 0.39, indicated that there were more eye fixations toward the face (M = 2.53, 95% CI = [2.157, 2.893]) than toward the body (M = 1.25, 95% CI = [0.857, 1.643]; Fig. 1).","p < .001; 95% CI; [2.157, 2.893]; [0.857, 1.643]",FALSE,NA
"0956797614540177","As expected, the duration of the MAE was shorter in the IOT condition than in the monocular condition, and there was also less postural sway in the IOT condition, t(2) = -4.869, p = .040, r = .96 (Fig. 1c). These results indicate that the illusory motion of the MAE, and not merely postural compensation and recalibration, caused the postural sway during the presentation of the static test pattern.","p = .040",FALSE,NA
"0956797614540178","2 Results showed a significant main effect of box, F(3, 66) = 3.64, p = .017, ηp² = .14, as well as a significant Reliability × Box interaction, F(3, 66) = 3.55, p = .019, ηp² = .14. This interaction was unpacked using separate univariate ANOVAs for test trials with reliable and unreliable faces.","p = .017; p = .019",FALSE,NA
"0956797614540178","On trials with the unreliable face, no effect of box emerged, F(3, 66) = 0.21, p = .888, which indicates that infants did not look significantly longer at the cued box than at any other box. Finally, infants looked more to the cued box when it was cued by a reliable face than by an unreliable face, t(22) = 2.66, p = .014, d =0.55.","p = .888",TRUE,"nonsig_sample"
"0956797614540178","However, a univariate ANOVA with only unreliably cued trials showed no effect of box, F(3, 69) = 0.32, p = .817, which indicates that infants did not look longer at the cued box, nor at any other single box. Finally, a planned comparison across reliably and unreliably cued test trials confirmed that infants looked more to the cued box when it was cued by a reliable arrow than when it was cued by an unreliable arrow, t(23) = 4.86, p < .001, d =0.99.","p = .817",TRUE,"nonsig_sample"
"0956797614540178","For generalization trials, results showed a significant effect of experiment, F(1, 43) = 8.22, p = .006, ηp² = .160, and a significant Experiment × Reliability × Box interaction, F(3, 129) = 7.73, p < .001, ηp² = .152. This indicates a difference in how infants generalized information about the faces and arrows; namely, they followed the gaze of the reliable face to a new location but did not follow the reliable arrow.","p = .006; p < .001",FALSE,NA
"0956797614540178","A trend toward an effect of experiment, F(1, 46) = 3.75, p = .059, ηp² = .075, indicated that infants looked slightly longer at face cues than at arrow cues. However, no effects emerged for total looking to the whole screen, which indicates that infants paid equivalent attention to familiarization trials whether viewing faces or arrows.","p = .059",TRUE,"nonsig_sample"
"0956797614540467","T r i g l y c e r i d e s H D L C h o l e s t e r o l H e m o g l o b i n A 1 c G l u c o s e B U N B U N / C r e a t i n i n e L D L V L D L -10 0 10 20 Percentage of Improvement of Contributors Relative to Noncontributors and most striking, we found that the number of sick days reported was dramatically lower for contributors than for noncontributors, with a relative decrease of more than 40% (p < .05). This suggests that improving one's health has significant spillover effects on society and business beyond the direct cost of poor health.","p < .05",FALSE,NA
"0956797614540467","Error bars indicate 95% confidence intervals.","95% confidence interval",FALSE,NA
"0956797614541129","Error bars represent 95% confidence intervals.","95% confidence interval",FALSE,NA
"0956797614541284","A smaller A′ in incongruent than in congruent trials was found for both novices, t(19) = 3.59, p < .001, d = 1.49, and limited writers, t(19) = 5.00, p = .001, d = 0.84, but not for writers, t(19) = 0.373, p = .714 (Fig. 5b). A post hoc analysis revealed that both novices and limited writers had a larger holistic A′ than writers, t(38) = 2.1, p = .038; t(38) = 2.83, p = .007, respectively.","p < .001; p = .001; p = .714 ",FALSE,NA
"0956797614541989","In addition, chronotype category predicted the percentage of people who cheated (morning people: 18.8%; intermediate people: 40.0%; evening people: 58.3%), b = 1.80, 95% CI = [0.26, 21.39], Wald = 4.32, p = .04. This experiment provided preliminary evidence that the fit between chronotype and time of day influences unethical behavior.","p = .04; 95% CI; [0.26, 21.39]",FALSE,NA
"0956797614541990","Values in brackets are 95% confidence intervals.","95% confidence interval",FALSE,NA
"0956797614545886","Compared with the control task, the pain task was viewed as more threatening (pain task: M = 2.20, SD = 0.93; control task: M = 1.26, SD = 0.55), t(53) = 4.62, p < .001, and more challenging (pain task: M = 2.99, SD = 0.52; control task: M = 1.97, SD = 0.82), t(53) = 5.44, p <.001.","p < .001; p <.001",NA,NA
"0956797614545886","An ANOVA revealed a medium-sized effect of pain on cooperation, F(1, 117) = 11.10, p = .001, d = 0.61; participants in the pain condition selected higher numbers (M = 4.34, SD = 1.39), 95% CI = [4.18, 4.51] (i.e., cooperated more) than did those in the no-pain condition (M = 3.55, SD = 1.19), 95% CI = [3.38, 3.72].","p = .001; 95% CI; [4.18, 4.51]; [3.38, 3.72]",NA,NA
"0956797614545886","Error bars indicate 95% confidence intervals.","95% confidence interval",FALSE,NA
"0956797614547706","Scores on the NTB Scale ranged from 21 to 43 (possible range: 10-50; M = 32.2, 95% CI = [29.7, 34.7]), with higher scores signaling greater desire for social connection. As an initial step to examine whether motivation for social connection systematically biased perceptions of animacy, we analyzed each participant's categorization performance using a standard psychometric approach (see Yssaad-Fesselier & Knoblauch, 2006).","95% CI; [29.7, 34.7]",NA,NA
"0956797614547706","Analysis of the 24-item mood questionnaire revealed that socially disconnected participants reported being in a more negative mood (M = 54.8, 95% CI = [48.9, 60.6]) than socially connected participants (M = 47.0, 95% CI = [41.4, 52.6]). The estimated difference between the means was 7.8 (95% CI = [-0.15, 15.7]), which is not a large effect.","95% CI; [48.9, 60.6]; [41.4, 52.6]",NA,NA
"0956797614547916","Notably, unconscious training was not sufficient to enable multisensory integration, as no difference in priming was found between the first and second part of the experiment (p > .3). Similar results were found when comparing the first with the second half of trials in the unconscious conditions in Experiments 1, 2, and 3 (all ps > .19).","p > .3",NA,NA
"0956797614551162","Participants also reported that the chocolate tasted more flavorful during the shared experience (M = 6.83, SD = 2.01) than during the unshared experience (M = 5.57, SD = 2.63), t(22) = 2.53, p = .01, 95% CI for the difference between conditions = [0.23, 2.29], Cohen's d = 0.54 (see Fig. 1). Responses to the other chocolate items and to the interpersonal items did not differ across conditions.","p = .01; 95% CI; [0.23, 2.29]",NA,NA
"0956797614551162","Participants also felt like they were more ""on the same wavelength"" with the confederate during the shared-experience condition (M = 6.43, SD = 1.38) compared with the unshared-experience condition (M = 5.61, SD = 1.38), t(21) = 2.35, p = .03, 95% CI for the difference between conditions = [0.10, 1.54], Cohen's d = 0.59 (see Fig. 2). There were no significant differences in participants' self-reported mood or any other feedback measures between the shared and the unshared-experience conditions (all ps > .10).","p = .03; 95% CI; [0.10, 1.54]",NA,NA
"0956797614553947","A player who recommended reducing redistribution was perceived similarly by high-status participants (M = 3.05, 95% CI = [2.82, 3.28]) and low-status participants (M = 3.08, 95% CI = [2.85, 3.31]).","95% CI; [2.82, 3.28]; [2.85, 3.31]",NA,NA
"0956797614553947","Note: The 95% confidence intervals are in brackets. Comparisons for which the 95% confidence interval does not include zero are highlighted with an asterisk.","95% confidence interval",NA,NA
